outlet_id,conflict_id,mention_count,leader,context
1,1,869.0,Putin,overall
1,14,23.0,Putin,overall
2,1,149.0,Putin,overall
2,14,22.0,Putin,overall
3,1,821.0,Putin,overall
3,14,16.0,Putin,overall
4,1,513.0,Putin,overall
4,14,29.0,Putin,overall
5,1,563.0,Putin,overall
5,14,25.0,Putin,overall
6,1,651.0,Putin,overall
6,14,47.0,Putin,overall
7,1,784.0,Putin,overall
7,14,22.0,Putin,overall
8,1,491.0,Putin,overall
8,14,27.0,Putin,overall
9,1,524.0,Putin,overall
9,14,56.0,Putin,overall
10,1,557.0,Putin,overall
10,14,30.0,Putin,overall
11,14,0.0,Putin,overall
12,1,77.0,Putin,overall
12,14,24.0,Putin,overall
13,1,666.0,Putin,overall
13,14,47.0,Putin,overall
14,1,729.0,Putin,overall
14,14,1.0,Putin,overall
15,1,244.0,Putin,overall
15,14,0.0,Putin,overall
16,1,599.0,Putin,overall
16,14,20.0,Putin,overall
17,1,63.0,Putin,overall
17,14,30.0,Putin,overall
18,1,678.0,Putin,overall
18,14,48.0,Putin,overall
19,1,610.0,Putin,overall
19,14,48.0,Putin,overall
20,1,574.0,Putin,overall
20,14,6.0,Putin,overall
21,1,632.0,Putin,overall
21,14,23.0,Putin,overall
22,1,607.0,Putin,overall
22,14,15.0,Putin,overall
23,1,724.0,Putin,overall
23,14,16.0,Putin,overall
24,1,470.0,Putin,overall
24,14,23.0,Putin,overall
25,1,628.0,Putin,overall
25,14,26.0,Putin,overall
26,1,761.0,Putin,overall
26,14,74.0,Putin,overall
27,1,639.0,Putin,overall
27,14,17.0,Putin,overall
28,1,700.0,Putin,overall
28,14,41.0,Putin,overall
29,1,626.0,Putin,overall
29,14,50.0,Putin,overall
30,1,653.0,Putin,overall
30,14,3.0,Putin,overall
31,1,298.0,Putin,overall
31,14,4.0,Putin,overall
32,1,26.0,Putin,overall
32,14,6.0,Putin,overall
33,1,420.0,Putin,overall
33,14,16.0,Putin,overall
34,1,372.0,Putin,overall
34,14,3.0,Putin,overall
35,1,724.0,Putin,overall
35,14,20.0,Putin,overall
37,1,170.0,Putin,overall
37,14,5.0,Putin,overall
38,1,415.0,Putin,overall
38,14,6.0,Putin,overall
39,1,449.0,Putin,overall
39,14,18.0,Putin,overall
40,1,3.0,Putin,overall
41,1,549.0,Putin,overall
41,14,21.0,Putin,overall
42,1,650.0,Putin,overall
42,14,2.0,Putin,overall
43,1,703.0,Putin,overall
43,14,10.0,Putin,overall
44,1,685.0,Putin,overall
44,14,6.0,Putin,overall
45,1,84.0,Putin,overall
45,14,0.0,Putin,overall
46,1,581.0,Putin,overall
46,14,10.0,Putin,overall
47,1,783.0,Putin,overall
47,14,6.0,Putin,overall
48,1,727.0,Putin,overall
48,14,30.0,Putin,overall
49,1,735.0,Putin,overall
49,14,0.0,Putin,overall
50,1,720.0,Putin,overall
50,14,3.0,Putin,overall
51,1,651.0,Putin,overall
51,14,7.0,Putin,overall
52,1,715.0,Putin,overall
52,14,4.0,Putin,overall
53,1,587.0,Putin,overall
53,14,4.0,Putin,overall
54,1,50.0,Putin,overall
54,14,0.0,Putin,overall
55,1,569.0,Putin,overall
55,14,4.0,Putin,overall
56,1,245.0,Putin,overall
56,14,4.0,Putin,overall
57,1,85.0,Putin,overall
57,14,0.0,Putin,overall
58,1,279.0,Putin,overall
58,14,2.0,Putin,overall
59,1,84.0,Putin,overall
59,14,9.0,Putin,overall
60,1,676.0,Putin,overall
60,14,7.0,Putin,overall
61,1,168.0,Putin,overall
61,14,23.0,Putin,overall
62,1,631.0,Putin,overall
62,14,17.0,Putin,overall
63,1,3.0,Putin,overall
63,14,0.0,Putin,overall
64,1,675.0,Putin,overall
64,14,37.0,Putin,overall
65,1,587.0,Putin,overall
65,14,2.0,Putin,overall
66,1,221.0,Putin,overall
66,14,1.0,Putin,overall
67,1,664.0,Putin,overall
67,14,34.0,Putin,overall
68,1,691.0,Putin,overall
68,14,49.0,Putin,overall
69,1,72.0,Putin,overall
69,14,1.0,Putin,overall
70,14,0.0,Putin,overall
71,1,8.0,Putin,overall
71,14,3.0,Putin,overall
72,1,548.0,Putin,overall
72,14,1.0,Putin,overall
73,1,323.0,Putin,overall
73,14,16.0,Putin,overall
74,1,775.0,Putin,overall
74,14,22.0,Putin,overall
75,1,634.0,Putin,overall
75,14,12.0,Putin,overall
76,1,669.0,Putin,overall
76,14,30.0,Putin,overall
77,1,735.0,Putin,overall
77,14,15.0,Putin,overall
78,1,12.0,Putin,overall
78,14,0.0,Putin,overall
79,1,627.0,Putin,overall
79,14,21.0,Putin,overall
80,1,22.0,Putin,overall
80,14,0.0,Putin,overall
81,1,63.0,Putin,overall
81,14,1.0,Putin,overall
82,1,63.0,Putin,overall
82,14,0.0,Putin,overall
83,1,779.0,Putin,overall
83,14,0.0,Putin,overall
84,1,35.0,Putin,overall
84,14,40.0,Putin,overall
85,1,346.0,Putin,overall
85,14,10.0,Putin,overall
86,1,477.0,Putin,overall
86,14,7.0,Putin,overall
87,1,565.0,Putin,overall
87,14,5.0,Putin,overall
89,1,524.0,Putin,overall
89,14,3.0,Putin,overall
90,1,416.0,Putin,overall
90,14,3.0,Putin,overall
91,1,596.0,Putin,overall
91,14,32.0,Putin,overall
92,1,611.0,Putin,overall
92,14,18.0,Putin,overall
93,1,525.0,Putin,overall
93,14,28.0,Putin,overall
94,1,661.0,Putin,overall
94,14,0.0,Putin,overall
95,1,701.0,Putin,overall
95,14,47.0,Putin,overall
96,1,335.0,Putin,overall
96,14,24.0,Putin,overall
97,1,318.0,Putin,overall
97,14,7.0,Putin,overall
98,1,656.0,Putin,overall
98,14,14.0,Putin,overall
99,1,482.0,Putin,overall
99,14,33.0,Putin,overall
100,1,21.0,Putin,overall
100,14,0.0,Putin,overall
101,1,1.0,Putin,overall
101,14,0.0,Putin,overall
102,1,519.0,Putin,overall
102,14,28.0,Putin,overall
103,1,658.0,Putin,overall
103,14,30.0,Putin,overall
104,1,12.0,Putin,overall
104,14,15.0,Putin,overall
105,1,579.0,Putin,overall
105,14,4.0,Putin,overall
106,1,117.0,Putin,overall
106,14,27.0,Putin,overall
108,1,812.0,Putin,overall
108,14,15.0,Putin,overall
1,1,377.0,Putin,death_reporting
1,14,16.0,Putin,death_reporting
2,1,73.0,Putin,death_reporting
2,14,17.0,Putin,death_reporting
3,1,430.0,Putin,death_reporting
3,14,13.0,Putin,death_reporting
4,1,174.0,Putin,death_reporting
4,14,16.0,Putin,death_reporting
5,1,258.0,Putin,death_reporting
5,14,10.0,Putin,death_reporting
6,1,409.0,Putin,death_reporting
6,14,29.0,Putin,death_reporting
7,1,375.0,Putin,death_reporting
7,14,6.0,Putin,death_reporting
8,1,285.0,Putin,death_reporting
8,14,12.0,Putin,death_reporting
9,1,264.0,Putin,death_reporting
9,14,19.0,Putin,death_reporting
10,1,220.0,Putin,death_reporting
10,14,29.0,Putin,death_reporting
11,14,0.0,Putin,death_reporting
12,1,35.0,Putin,death_reporting
12,14,6.0,Putin,death_reporting
13,1,366.0,Putin,death_reporting
13,14,46.0,Putin,death_reporting
14,1,339.0,Putin,death_reporting
14,14,1.0,Putin,death_reporting
15,1,64.0,Putin,death_reporting
15,14,0.0,Putin,death_reporting
16,1,298.0,Putin,death_reporting
16,14,17.0,Putin,death_reporting
17,1,29.0,Putin,death_reporting
17,14,19.0,Putin,death_reporting
18,1,384.0,Putin,death_reporting
18,14,28.0,Putin,death_reporting
19,1,342.0,Putin,death_reporting
19,14,9.0,Putin,death_reporting
20,1,224.0,Putin,death_reporting
20,14,3.0,Putin,death_reporting
21,1,323.0,Putin,death_reporting
21,14,11.0,Putin,death_reporting
22,1,406.0,Putin,death_reporting
22,14,12.0,Putin,death_reporting
23,1,397.0,Putin,death_reporting
23,14,11.0,Putin,death_reporting
24,1,211.0,Putin,death_reporting
24,14,11.0,Putin,death_reporting
25,1,294.0,Putin,death_reporting
25,14,19.0,Putin,death_reporting
26,1,409.0,Putin,death_reporting
26,14,55.0,Putin,death_reporting
27,1,228.0,Putin,death_reporting
27,14,10.0,Putin,death_reporting
28,1,256.0,Putin,death_reporting
28,14,12.0,Putin,death_reporting
29,1,254.0,Putin,death_reporting
29,14,14.0,Putin,death_reporting
30,1,324.0,Putin,death_reporting
30,14,3.0,Putin,death_reporting
31,1,178.0,Putin,death_reporting
31,14,3.0,Putin,death_reporting
32,1,0.0,Putin,death_reporting
32,14,6.0,Putin,death_reporting
33,1,309.0,Putin,death_reporting
33,14,11.0,Putin,death_reporting
34,1,214.0,Putin,death_reporting
34,14,1.0,Putin,death_reporting
35,1,281.0,Putin,death_reporting
35,14,10.0,Putin,death_reporting
37,1,95.0,Putin,death_reporting
37,14,5.0,Putin,death_reporting
38,1,282.0,Putin,death_reporting
38,14,2.0,Putin,death_reporting
39,1,174.0,Putin,death_reporting
39,14,18.0,Putin,death_reporting
40,1,0.0,Putin,death_reporting
41,1,241.0,Putin,death_reporting
41,14,7.0,Putin,death_reporting
42,1,304.0,Putin,death_reporting
42,14,2.0,Putin,death_reporting
43,1,352.0,Putin,death_reporting
43,14,2.0,Putin,death_reporting
44,1,347.0,Putin,death_reporting
44,14,0.0,Putin,death_reporting
45,1,43.0,Putin,death_reporting
45,14,0.0,Putin,death_reporting
46,1,263.0,Putin,death_reporting
46,14,0.0,Putin,death_reporting
47,1,437.0,Putin,death_reporting
47,14,5.0,Putin,death_reporting
48,1,315.0,Putin,death_reporting
48,14,24.0,Putin,death_reporting
49,1,253.0,Putin,death_reporting
49,14,0.0,Putin,death_reporting
50,1,323.0,Putin,death_reporting
50,14,0.0,Putin,death_reporting
51,1,324.0,Putin,death_reporting
51,14,5.0,Putin,death_reporting
52,1,403.0,Putin,death_reporting
52,14,4.0,Putin,death_reporting
53,1,315.0,Putin,death_reporting
53,14,0.0,Putin,death_reporting
54,1,27.0,Putin,death_reporting
54,14,0.0,Putin,death_reporting
55,1,212.0,Putin,death_reporting
55,14,4.0,Putin,death_reporting
56,1,123.0,Putin,death_reporting
56,14,3.0,Putin,death_reporting
57,1,49.0,Putin,death_reporting
57,14,0.0,Putin,death_reporting
58,1,110.0,Putin,death_reporting
58,14,0.0,Putin,death_reporting
59,1,19.0,Putin,death_reporting
59,14,0.0,Putin,death_reporting
60,1,269.0,Putin,death_reporting
60,14,3.0,Putin,death_reporting
61,1,85.0,Putin,death_reporting
61,14,12.0,Putin,death_reporting
62,1,304.0,Putin,death_reporting
62,14,0.0,Putin,death_reporting
63,1,3.0,Putin,death_reporting
63,14,0.0,Putin,death_reporting
64,1,289.0,Putin,death_reporting
64,14,27.0,Putin,death_reporting
65,1,191.0,Putin,death_reporting
65,14,2.0,Putin,death_reporting
66,1,157.0,Putin,death_reporting
66,14,1.0,Putin,death_reporting
67,1,291.0,Putin,death_reporting
67,14,23.0,Putin,death_reporting
68,1,354.0,Putin,death_reporting
68,14,40.0,Putin,death_reporting
69,1,39.0,Putin,death_reporting
69,14,0.0,Putin,death_reporting
70,14,0.0,Putin,death_reporting
71,1,7.0,Putin,death_reporting
71,14,2.0,Putin,death_reporting
72,1,262.0,Putin,death_reporting
72,14,1.0,Putin,death_reporting
73,1,173.0,Putin,death_reporting
73,14,10.0,Putin,death_reporting
74,1,382.0,Putin,death_reporting
74,14,15.0,Putin,death_reporting
75,1,348.0,Putin,death_reporting
75,14,1.0,Putin,death_reporting
76,1,373.0,Putin,death_reporting
76,14,14.0,Putin,death_reporting
77,1,379.0,Putin,death_reporting
77,14,12.0,Putin,death_reporting
78,1,0.0,Putin,death_reporting
78,14,0.0,Putin,death_reporting
79,1,287.0,Putin,death_reporting
79,14,15.0,Putin,death_reporting
80,1,7.0,Putin,death_reporting
80,14,0.0,Putin,death_reporting
81,1,4.0,Putin,death_reporting
81,14,1.0,Putin,death_reporting
82,1,21.0,Putin,death_reporting
82,14,0.0,Putin,death_reporting
83,1,392.0,Putin,death_reporting
83,14,0.0,Putin,death_reporting
84,1,12.0,Putin,death_reporting
84,14,33.0,Putin,death_reporting
85,1,129.0,Putin,death_reporting
85,14,9.0,Putin,death_reporting
86,1,244.0,Putin,death_reporting
86,14,7.0,Putin,death_reporting
87,1,261.0,Putin,death_reporting
87,14,4.0,Putin,death_reporting
89,1,254.0,Putin,death_reporting
89,14,3.0,Putin,death_reporting
90,1,247.0,Putin,death_reporting
90,14,1.0,Putin,death_reporting
91,1,285.0,Putin,death_reporting
91,14,7.0,Putin,death_reporting
92,1,168.0,Putin,death_reporting
92,14,11.0,Putin,death_reporting
93,1,275.0,Putin,death_reporting
93,14,26.0,Putin,death_reporting
94,1,338.0,Putin,death_reporting
94,14,0.0,Putin,death_reporting
95,1,424.0,Putin,death_reporting
95,14,11.0,Putin,death_reporting
96,1,151.0,Putin,death_reporting
96,14,19.0,Putin,death_reporting
97,1,84.0,Putin,death_reporting
97,14,4.0,Putin,death_reporting
98,1,300.0,Putin,death_reporting
98,14,2.0,Putin,death_reporting
99,1,251.0,Putin,death_reporting
99,14,22.0,Putin,death_reporting
100,1,5.0,Putin,death_reporting
100,14,0.0,Putin,death_reporting
101,1,1.0,Putin,death_reporting
101,14,0.0,Putin,death_reporting
102,1,180.0,Putin,death_reporting
102,14,25.0,Putin,death_reporting
103,1,240.0,Putin,death_reporting
103,14,17.0,Putin,death_reporting
104,1,0.0,Putin,death_reporting
104,14,8.0,Putin,death_reporting
105,1,260.0,Putin,death_reporting
105,14,2.0,Putin,death_reporting
106,1,16.0,Putin,death_reporting
106,14,21.0,Putin,death_reporting
108,1,467.0,Putin,death_reporting
108,14,13.0,Putin,death_reporting
1,1,224.0,Putin,human_rights_violations
1,14,22.0,Putin,human_rights_violations
2,1,52.0,Putin,human_rights_violations
2,14,8.0,Putin,human_rights_violations
3,1,398.0,Putin,human_rights_violations
3,14,3.0,Putin,human_rights_violations
4,1,195.0,Putin,human_rights_violations
4,14,16.0,Putin,human_rights_violations
5,1,249.0,Putin,human_rights_violations
5,14,8.0,Putin,human_rights_violations
6,1,301.0,Putin,human_rights_violations
6,14,10.0,Putin,human_rights_violations
7,1,315.0,Putin,human_rights_violations
7,14,15.0,Putin,human_rights_violations
8,1,208.0,Putin,human_rights_violations
8,14,7.0,Putin,human_rights_violations
9,1,221.0,Putin,human_rights_violations
9,14,48.0,Putin,human_rights_violations
10,1,133.0,Putin,human_rights_violations
10,14,20.0,Putin,human_rights_violations
11,14,0.0,Putin,human_rights_violations
12,1,20.0,Putin,human_rights_violations
12,14,8.0,Putin,human_rights_violations
13,1,159.0,Putin,human_rights_violations
13,14,21.0,Putin,human_rights_violations
14,1,260.0,Putin,human_rights_violations
14,14,1.0,Putin,human_rights_violations
15,1,79.0,Putin,human_rights_violations
15,14,0.0,Putin,human_rights_violations
16,1,381.0,Putin,human_rights_violations
16,14,10.0,Putin,human_rights_violations
17,1,28.0,Putin,human_rights_violations
17,14,15.0,Putin,human_rights_violations
18,1,253.0,Putin,human_rights_violations
18,14,28.0,Putin,human_rights_violations
19,1,235.0,Putin,human_rights_violations
19,14,18.0,Putin,human_rights_violations
20,1,247.0,Putin,human_rights_violations
20,14,0.0,Putin,human_rights_violations
21,1,223.0,Putin,human_rights_violations
21,14,7.0,Putin,human_rights_violations
22,1,222.0,Putin,human_rights_violations
22,14,8.0,Putin,human_rights_violations
23,1,355.0,Putin,human_rights_violations
23,14,11.0,Putin,human_rights_violations
24,1,207.0,Putin,human_rights_violations
24,14,7.0,Putin,human_rights_violations
25,1,216.0,Putin,human_rights_violations
25,14,16.0,Putin,human_rights_violations
26,1,235.0,Putin,human_rights_violations
26,14,47.0,Putin,human_rights_violations
27,1,292.0,Putin,human_rights_violations
27,14,5.0,Putin,human_rights_violations
28,1,222.0,Putin,human_rights_violations
28,14,24.0,Putin,human_rights_violations
29,1,271.0,Putin,human_rights_violations
29,14,44.0,Putin,human_rights_violations
30,1,229.0,Putin,human_rights_violations
30,14,2.0,Putin,human_rights_violations
31,1,154.0,Putin,human_rights_violations
31,14,3.0,Putin,human_rights_violations
32,1,5.0,Putin,human_rights_violations
32,14,6.0,Putin,human_rights_violations
33,1,205.0,Putin,human_rights_violations
33,14,8.0,Putin,human_rights_violations
34,1,119.0,Putin,human_rights_violations
34,14,3.0,Putin,human_rights_violations
35,1,286.0,Putin,human_rights_violations
35,14,6.0,Putin,human_rights_violations
37,1,71.0,Putin,human_rights_violations
37,14,5.0,Putin,human_rights_violations
38,1,199.0,Putin,human_rights_violations
38,14,4.0,Putin,human_rights_violations
39,1,132.0,Putin,human_rights_violations
39,14,7.0,Putin,human_rights_violations
40,1,0.0,Putin,human_rights_violations
41,1,230.0,Putin,human_rights_violations
41,14,16.0,Putin,human_rights_violations
42,1,193.0,Putin,human_rights_violations
42,14,2.0,Putin,human_rights_violations
43,1,182.0,Putin,human_rights_violations
43,14,2.0,Putin,human_rights_violations
44,1,218.0,Putin,human_rights_violations
44,14,0.0,Putin,human_rights_violations
45,1,53.0,Putin,human_rights_violations
45,14,0.0,Putin,human_rights_violations
46,1,260.0,Putin,human_rights_violations
46,14,0.0,Putin,human_rights_violations
47,1,303.0,Putin,human_rights_violations
47,14,4.0,Putin,human_rights_violations
48,1,353.0,Putin,human_rights_violations
48,14,24.0,Putin,human_rights_violations
49,1,274.0,Putin,human_rights_violations
49,14,0.0,Putin,human_rights_violations
50,1,277.0,Putin,human_rights_violations
50,14,0.0,Putin,human_rights_violations
51,1,288.0,Putin,human_rights_violations
51,14,5.0,Putin,human_rights_violations
52,1,231.0,Putin,human_rights_violations
52,14,4.0,Putin,human_rights_violations
53,1,287.0,Putin,human_rights_violations
53,14,1.0,Putin,human_rights_violations
54,1,35.0,Putin,human_rights_violations
54,14,0.0,Putin,human_rights_violations
55,1,132.0,Putin,human_rights_violations
55,14,2.0,Putin,human_rights_violations
56,1,80.0,Putin,human_rights_violations
56,14,0.0,Putin,human_rights_violations
57,1,21.0,Putin,human_rights_violations
57,14,0.0,Putin,human_rights_violations
58,1,39.0,Putin,human_rights_violations
58,14,0.0,Putin,human_rights_violations
59,1,3.0,Putin,human_rights_violations
59,14,0.0,Putin,human_rights_violations
60,1,198.0,Putin,human_rights_violations
60,14,1.0,Putin,human_rights_violations
61,1,110.0,Putin,human_rights_violations
61,14,2.0,Putin,human_rights_violations
62,1,200.0,Putin,human_rights_violations
62,14,0.0,Putin,human_rights_violations
63,1,0.0,Putin,human_rights_violations
63,14,0.0,Putin,human_rights_violations
64,1,271.0,Putin,human_rights_violations
64,14,23.0,Putin,human_rights_violations
65,1,207.0,Putin,human_rights_violations
65,14,2.0,Putin,human_rights_violations
66,1,99.0,Putin,human_rights_violations
66,14,0.0,Putin,human_rights_violations
67,1,218.0,Putin,human_rights_violations
67,14,24.0,Putin,human_rights_violations
68,1,282.0,Putin,human_rights_violations
68,14,40.0,Putin,human_rights_violations
69,1,46.0,Putin,human_rights_violations
69,14,1.0,Putin,human_rights_violations
70,14,0.0,Putin,human_rights_violations
71,1,0.0,Putin,human_rights_violations
71,14,3.0,Putin,human_rights_violations
72,1,238.0,Putin,human_rights_violations
72,14,0.0,Putin,human_rights_violations
73,1,143.0,Putin,human_rights_violations
73,14,8.0,Putin,human_rights_violations
74,1,325.0,Putin,human_rights_violations
74,14,9.0,Putin,human_rights_violations
75,1,155.0,Putin,human_rights_violations
75,14,4.0,Putin,human_rights_violations
76,1,277.0,Putin,human_rights_violations
76,14,11.0,Putin,human_rights_violations
77,1,300.0,Putin,human_rights_violations
77,14,7.0,Putin,human_rights_violations
78,1,11.0,Putin,human_rights_violations
78,14,0.0,Putin,human_rights_violations
79,1,264.0,Putin,human_rights_violations
79,14,12.0,Putin,human_rights_violations
80,1,8.0,Putin,human_rights_violations
80,14,0.0,Putin,human_rights_violations
81,1,5.0,Putin,human_rights_violations
81,14,0.0,Putin,human_rights_violations
82,1,25.0,Putin,human_rights_violations
82,14,0.0,Putin,human_rights_violations
83,1,237.0,Putin,human_rights_violations
83,14,0.0,Putin,human_rights_violations
84,1,21.0,Putin,human_rights_violations
84,14,13.0,Putin,human_rights_violations
85,1,64.0,Putin,human_rights_violations
85,14,6.0,Putin,human_rights_violations
86,1,207.0,Putin,human_rights_violations
86,14,7.0,Putin,human_rights_violations
87,1,195.0,Putin,human_rights_violations
87,14,2.0,Putin,human_rights_violations
89,1,163.0,Putin,human_rights_violations
89,14,1.0,Putin,human_rights_violations
90,1,83.0,Putin,human_rights_violations
90,14,1.0,Putin,human_rights_violations
91,1,280.0,Putin,human_rights_violations
91,14,25.0,Putin,human_rights_violations
92,1,153.0,Putin,human_rights_violations
92,14,5.0,Putin,human_rights_violations
93,1,274.0,Putin,human_rights_violations
93,14,23.0,Putin,human_rights_violations
94,1,304.0,Putin,human_rights_violations
94,14,0.0,Putin,human_rights_violations
95,1,365.0,Putin,human_rights_violations
95,14,20.0,Putin,human_rights_violations
96,1,185.0,Putin,human_rights_violations
96,14,16.0,Putin,human_rights_violations
97,1,72.0,Putin,human_rights_violations
97,14,2.0,Putin,human_rights_violations
98,1,195.0,Putin,human_rights_violations
98,14,4.0,Putin,human_rights_violations
99,1,197.0,Putin,human_rights_violations
99,14,15.0,Putin,human_rights_violations
100,1,9.0,Putin,human_rights_violations
100,14,0.0,Putin,human_rights_violations
101,1,0.0,Putin,human_rights_violations
101,14,0.0,Putin,human_rights_violations
102,1,122.0,Putin,human_rights_violations
102,14,13.0,Putin,human_rights_violations
103,1,272.0,Putin,human_rights_violations
103,14,15.0,Putin,human_rights_violations
104,1,4.0,Putin,human_rights_violations
104,14,2.0,Putin,human_rights_violations
105,1,195.0,Putin,human_rights_violations
105,14,3.0,Putin,human_rights_violations
106,1,23.0,Putin,human_rights_violations
106,14,21.0,Putin,human_rights_violations
108,1,263.0,Putin,human_rights_violations
108,14,11.0,Putin,human_rights_violations
1,1,5.0,Netanyahu,overall
1,14,278.0,Netanyahu,overall
2,1,2.0,Netanyahu,overall
2,14,313.0,Netanyahu,overall
3,1,16.0,Netanyahu,overall
3,14,341.0,Netanyahu,overall
4,1,2.0,Netanyahu,overall
4,14,229.0,Netanyahu,overall
5,1,14.0,Netanyahu,overall
5,14,365.0,Netanyahu,overall
6,1,13.0,Netanyahu,overall
6,14,348.0,Netanyahu,overall
7,1,17.0,Netanyahu,overall
7,14,401.0,Netanyahu,overall
8,1,5.0,Netanyahu,overall
8,14,268.0,Netanyahu,overall
9,1,1.0,Netanyahu,overall
9,14,283.0,Netanyahu,overall
10,1,31.0,Netanyahu,overall
10,14,431.0,Netanyahu,overall
11,14,3.0,Netanyahu,overall
12,1,21.0,Netanyahu,overall
12,14,283.0,Netanyahu,overall
13,1,13.0,Netanyahu,overall
13,14,184.0,Netanyahu,overall
14,1,0.0,Netanyahu,overall
14,14,55.0,Netanyahu,overall
15,1,3.0,Netanyahu,overall
15,14,13.0,Netanyahu,overall
16,1,9.0,Netanyahu,overall
16,14,250.0,Netanyahu,overall
17,1,3.0,Netanyahu,overall
17,14,277.0,Netanyahu,overall
18,1,10.0,Netanyahu,overall
18,14,280.0,Netanyahu,overall
19,1,40.0,Netanyahu,overall
19,14,392.0,Netanyahu,overall
20,1,14.0,Netanyahu,overall
20,14,35.0,Netanyahu,overall
21,1,5.0,Netanyahu,overall
21,14,255.0,Netanyahu,overall
22,1,13.0,Netanyahu,overall
22,14,283.0,Netanyahu,overall
23,1,11.0,Netanyahu,overall
23,14,125.0,Netanyahu,overall
24,1,11.0,Netanyahu,overall
24,14,277.0,Netanyahu,overall
25,1,0.0,Netanyahu,overall
25,14,284.0,Netanyahu,overall
26,1,26.0,Netanyahu,overall
26,14,310.0,Netanyahu,overall
27,1,7.0,Netanyahu,overall
27,14,323.0,Netanyahu,overall
28,1,3.0,Netanyahu,overall
28,14,289.0,Netanyahu,overall
29,1,16.0,Netanyahu,overall
29,14,341.0,Netanyahu,overall
30,1,0.0,Netanyahu,overall
30,14,196.0,Netanyahu,overall
31,1,8.0,Netanyahu,overall
31,14,102.0,Netanyahu,overall
32,1,0.0,Netanyahu,overall
32,14,200.0,Netanyahu,overall
33,1,10.0,Netanyahu,overall
33,14,227.0,Netanyahu,overall
34,1,16.0,Netanyahu,overall
34,14,162.0,Netanyahu,overall
35,1,1.0,Netanyahu,overall
35,14,234.0,Netanyahu,overall
37,1,0.0,Netanyahu,overall
37,14,63.0,Netanyahu,overall
38,1,10.0,Netanyahu,overall
38,14,66.0,Netanyahu,overall
39,1,2.0,Netanyahu,overall
39,14,339.0,Netanyahu,overall
40,1,8.0,Netanyahu,overall
41,1,10.0,Netanyahu,overall
41,14,206.0,Netanyahu,overall
42,1,13.0,Netanyahu,overall
42,14,60.0,Netanyahu,overall
43,1,8.0,Netanyahu,overall
43,14,89.0,Netanyahu,overall
44,1,8.0,Netanyahu,overall
44,14,35.0,Netanyahu,overall
45,1,0.0,Netanyahu,overall
45,14,54.0,Netanyahu,overall
46,1,2.0,Netanyahu,overall
46,14,29.0,Netanyahu,overall
47,1,14.0,Netanyahu,overall
47,14,329.0,Netanyahu,overall
48,1,0.0,Netanyahu,overall
48,14,239.0,Netanyahu,overall
49,1,2.0,Netanyahu,overall
49,14,51.0,Netanyahu,overall
50,1,7.0,Netanyahu,overall
50,14,58.0,Netanyahu,overall
51,1,16.0,Netanyahu,overall
51,14,62.0,Netanyahu,overall
52,1,16.0,Netanyahu,overall
52,14,23.0,Netanyahu,overall
53,1,23.0,Netanyahu,overall
53,14,55.0,Netanyahu,overall
54,1,0.0,Netanyahu,overall
54,14,0.0,Netanyahu,overall
55,1,3.0,Netanyahu,overall
55,14,70.0,Netanyahu,overall
56,1,1.0,Netanyahu,overall
56,14,17.0,Netanyahu,overall
57,1,7.0,Netanyahu,overall
57,14,39.0,Netanyahu,overall
58,1,0.0,Netanyahu,overall
58,14,11.0,Netanyahu,overall
59,1,2.0,Netanyahu,overall
59,14,19.0,Netanyahu,overall
60,1,18.0,Netanyahu,overall
60,14,127.0,Netanyahu,overall
61,1,0.0,Netanyahu,overall
61,14,280.0,Netanyahu,overall
62,1,12.0,Netanyahu,overall
62,14,79.0,Netanyahu,overall
63,1,0.0,Netanyahu,overall
63,14,0.0,Netanyahu,overall
64,1,0.0,Netanyahu,overall
64,14,337.0,Netanyahu,overall
65,1,5.0,Netanyahu,overall
65,14,65.0,Netanyahu,overall
66,1,0.0,Netanyahu,overall
66,14,36.0,Netanyahu,overall
67,1,4.0,Netanyahu,overall
67,14,279.0,Netanyahu,overall
68,1,27.0,Netanyahu,overall
68,14,287.0,Netanyahu,overall
69,1,0.0,Netanyahu,overall
69,14,45.0,Netanyahu,overall
70,14,0.0,Netanyahu,overall
71,1,3.0,Netanyahu,overall
71,14,61.0,Netanyahu,overall
72,1,3.0,Netanyahu,overall
72,14,54.0,Netanyahu,overall
73,1,5.0,Netanyahu,overall
73,14,331.0,Netanyahu,overall
74,1,12.0,Netanyahu,overall
74,14,222.0,Netanyahu,overall
75,1,17.0,Netanyahu,overall
75,14,296.0,Netanyahu,overall
76,1,5.0,Netanyahu,overall
76,14,217.0,Netanyahu,overall
77,1,6.0,Netanyahu,overall
77,14,257.0,Netanyahu,overall
78,1,0.0,Netanyahu,overall
78,14,4.0,Netanyahu,overall
79,1,9.0,Netanyahu,overall
79,14,183.0,Netanyahu,overall
80,1,2.0,Netanyahu,overall
80,14,10.0,Netanyahu,overall
81,1,2.0,Netanyahu,overall
81,14,5.0,Netanyahu,overall
82,1,3.0,Netanyahu,overall
82,14,3.0,Netanyahu,overall
83,1,24.0,Netanyahu,overall
83,14,85.0,Netanyahu,overall
84,1,0.0,Netanyahu,overall
84,14,345.0,Netanyahu,overall
85,1,3.0,Netanyahu,overall
85,14,147.0,Netanyahu,overall
86,1,9.0,Netanyahu,overall
86,14,5.0,Netanyahu,overall
87,1,80.0,Netanyahu,overall
87,14,209.0,Netanyahu,overall
89,1,13.0,Netanyahu,overall
89,14,146.0,Netanyahu,overall
90,1,6.0,Netanyahu,overall
90,14,133.0,Netanyahu,overall
91,1,38.0,Netanyahu,overall
91,14,241.0,Netanyahu,overall
92,1,1.0,Netanyahu,overall
92,14,310.0,Netanyahu,overall
93,1,8.0,Netanyahu,overall
93,14,266.0,Netanyahu,overall
94,1,26.0,Netanyahu,overall
94,14,13.0,Netanyahu,overall
95,1,4.0,Netanyahu,overall
95,14,364.0,Netanyahu,overall
96,1,13.0,Netanyahu,overall
96,14,123.0,Netanyahu,overall
97,1,12.0,Netanyahu,overall
97,14,191.0,Netanyahu,overall
98,1,18.0,Netanyahu,overall
98,14,327.0,Netanyahu,overall
99,1,0.0,Netanyahu,overall
99,14,242.0,Netanyahu,overall
100,1,0.0,Netanyahu,overall
100,14,0.0,Netanyahu,overall
101,1,0.0,Netanyahu,overall
101,14,33.0,Netanyahu,overall
102,1,11.0,Netanyahu,overall
102,14,185.0,Netanyahu,overall
103,1,1.0,Netanyahu,overall
103,14,299.0,Netanyahu,overall
104,1,0.0,Netanyahu,overall
104,14,52.0,Netanyahu,overall
105,1,7.0,Netanyahu,overall
105,14,271.0,Netanyahu,overall
106,1,0.0,Netanyahu,overall
106,14,206.0,Netanyahu,overall
108,1,7.0,Netanyahu,overall
108,14,283.0,Netanyahu,overall
1,1,5.0,Netanyahu,death_reporting
1,14,159.0,Netanyahu,death_reporting
2,1,2.0,Netanyahu,death_reporting
2,14,254.0,Netanyahu,death_reporting
3,1,12.0,Netanyahu,death_reporting
3,14,282.0,Netanyahu,death_reporting
4,1,0.0,Netanyahu,death_reporting
4,14,176.0,Netanyahu,death_reporting
5,1,13.0,Netanyahu,death_reporting
5,14,272.0,Netanyahu,death_reporting
6,1,12.0,Netanyahu,death_reporting
6,14,218.0,Netanyahu,death_reporting
7,1,17.0,Netanyahu,death_reporting
7,14,327.0,Netanyahu,death_reporting
8,1,0.0,Netanyahu,death_reporting
8,14,184.0,Netanyahu,death_reporting
9,1,0.0,Netanyahu,death_reporting
9,14,202.0,Netanyahu,death_reporting
10,1,31.0,Netanyahu,death_reporting
10,14,339.0,Netanyahu,death_reporting
11,14,3.0,Netanyahu,death_reporting
12,1,0.0,Netanyahu,death_reporting
12,14,231.0,Netanyahu,death_reporting
13,1,13.0,Netanyahu,death_reporting
13,14,130.0,Netanyahu,death_reporting
14,1,0.0,Netanyahu,death_reporting
14,14,28.0,Netanyahu,death_reporting
15,1,1.0,Netanyahu,death_reporting
15,14,8.0,Netanyahu,death_reporting
16,1,7.0,Netanyahu,death_reporting
16,14,199.0,Netanyahu,death_reporting
17,1,0.0,Netanyahu,death_reporting
17,14,221.0,Netanyahu,death_reporting
18,1,10.0,Netanyahu,death_reporting
18,14,197.0,Netanyahu,death_reporting
19,1,37.0,Netanyahu,death_reporting
19,14,314.0,Netanyahu,death_reporting
20,1,14.0,Netanyahu,death_reporting
20,14,29.0,Netanyahu,death_reporting
21,1,3.0,Netanyahu,death_reporting
21,14,195.0,Netanyahu,death_reporting
22,1,13.0,Netanyahu,death_reporting
22,14,252.0,Netanyahu,death_reporting
23,1,5.0,Netanyahu,death_reporting
23,14,108.0,Netanyahu,death_reporting
24,1,11.0,Netanyahu,death_reporting
24,14,235.0,Netanyahu,death_reporting
25,1,0.0,Netanyahu,death_reporting
25,14,195.0,Netanyahu,death_reporting
26,1,25.0,Netanyahu,death_reporting
26,14,201.0,Netanyahu,death_reporting
27,1,1.0,Netanyahu,death_reporting
27,14,238.0,Netanyahu,death_reporting
28,1,2.0,Netanyahu,death_reporting
28,14,184.0,Netanyahu,death_reporting
29,1,15.0,Netanyahu,death_reporting
29,14,267.0,Netanyahu,death_reporting
30,1,0.0,Netanyahu,death_reporting
30,14,148.0,Netanyahu,death_reporting
31,1,8.0,Netanyahu,death_reporting
31,14,69.0,Netanyahu,death_reporting
32,1,0.0,Netanyahu,death_reporting
32,14,125.0,Netanyahu,death_reporting
33,1,1.0,Netanyahu,death_reporting
33,14,175.0,Netanyahu,death_reporting
34,1,10.0,Netanyahu,death_reporting
34,14,110.0,Netanyahu,death_reporting
35,1,1.0,Netanyahu,death_reporting
35,14,181.0,Netanyahu,death_reporting
37,1,0.0,Netanyahu,death_reporting
37,14,55.0,Netanyahu,death_reporting
38,1,7.0,Netanyahu,death_reporting
38,14,55.0,Netanyahu,death_reporting
39,1,2.0,Netanyahu,death_reporting
39,14,254.0,Netanyahu,death_reporting
40,1,0.0,Netanyahu,death_reporting
41,1,9.0,Netanyahu,death_reporting
41,14,134.0,Netanyahu,death_reporting
42,1,11.0,Netanyahu,death_reporting
42,14,44.0,Netanyahu,death_reporting
43,1,4.0,Netanyahu,death_reporting
43,14,76.0,Netanyahu,death_reporting
44,1,3.0,Netanyahu,death_reporting
44,14,18.0,Netanyahu,death_reporting
45,1,0.0,Netanyahu,death_reporting
45,14,48.0,Netanyahu,death_reporting
46,1,2.0,Netanyahu,death_reporting
46,14,9.0,Netanyahu,death_reporting
47,1,7.0,Netanyahu,death_reporting
47,14,240.0,Netanyahu,death_reporting
48,1,0.0,Netanyahu,death_reporting
48,14,193.0,Netanyahu,death_reporting
49,1,2.0,Netanyahu,death_reporting
49,14,46.0,Netanyahu,death_reporting
50,1,7.0,Netanyahu,death_reporting
50,14,51.0,Netanyahu,death_reporting
51,1,0.0,Netanyahu,death_reporting
51,14,39.0,Netanyahu,death_reporting
52,1,15.0,Netanyahu,death_reporting
52,14,20.0,Netanyahu,death_reporting
53,1,23.0,Netanyahu,death_reporting
53,14,42.0,Netanyahu,death_reporting
54,1,0.0,Netanyahu,death_reporting
54,14,0.0,Netanyahu,death_reporting
55,1,2.0,Netanyahu,death_reporting
55,14,66.0,Netanyahu,death_reporting
56,1,1.0,Netanyahu,death_reporting
56,14,14.0,Netanyahu,death_reporting
57,1,7.0,Netanyahu,death_reporting
57,14,39.0,Netanyahu,death_reporting
58,1,0.0,Netanyahu,death_reporting
58,14,9.0,Netanyahu,death_reporting
59,1,2.0,Netanyahu,death_reporting
59,14,7.0,Netanyahu,death_reporting
60,1,17.0,Netanyahu,death_reporting
60,14,117.0,Netanyahu,death_reporting
61,1,0.0,Netanyahu,death_reporting
61,14,175.0,Netanyahu,death_reporting
62,1,11.0,Netanyahu,death_reporting
62,14,76.0,Netanyahu,death_reporting
63,1,0.0,Netanyahu,death_reporting
63,14,0.0,Netanyahu,death_reporting
64,1,0.0,Netanyahu,death_reporting
64,14,309.0,Netanyahu,death_reporting
65,1,1.0,Netanyahu,death_reporting
65,14,19.0,Netanyahu,death_reporting
66,1,0.0,Netanyahu,death_reporting
66,14,34.0,Netanyahu,death_reporting
67,1,0.0,Netanyahu,death_reporting
67,14,235.0,Netanyahu,death_reporting
68,1,27.0,Netanyahu,death_reporting
68,14,208.0,Netanyahu,death_reporting
69,1,0.0,Netanyahu,death_reporting
69,14,37.0,Netanyahu,death_reporting
70,14,0.0,Netanyahu,death_reporting
71,1,3.0,Netanyahu,death_reporting
71,14,47.0,Netanyahu,death_reporting
72,1,3.0,Netanyahu,death_reporting
72,14,48.0,Netanyahu,death_reporting
73,1,0.0,Netanyahu,death_reporting
73,14,302.0,Netanyahu,death_reporting
74,1,11.0,Netanyahu,death_reporting
74,14,188.0,Netanyahu,death_reporting
75,1,17.0,Netanyahu,death_reporting
75,14,199.0,Netanyahu,death_reporting
76,1,1.0,Netanyahu,death_reporting
76,14,150.0,Netanyahu,death_reporting
77,1,1.0,Netanyahu,death_reporting
77,14,202.0,Netanyahu,death_reporting
78,1,0.0,Netanyahu,death_reporting
78,14,4.0,Netanyahu,death_reporting
79,1,8.0,Netanyahu,death_reporting
79,14,142.0,Netanyahu,death_reporting
80,1,2.0,Netanyahu,death_reporting
80,14,5.0,Netanyahu,death_reporting
81,1,0.0,Netanyahu,death_reporting
81,14,1.0,Netanyahu,death_reporting
82,1,3.0,Netanyahu,death_reporting
82,14,2.0,Netanyahu,death_reporting
83,1,20.0,Netanyahu,death_reporting
83,14,75.0,Netanyahu,death_reporting
84,1,0.0,Netanyahu,death_reporting
84,14,236.0,Netanyahu,death_reporting
85,1,2.0,Netanyahu,death_reporting
85,14,108.0,Netanyahu,death_reporting
86,1,6.0,Netanyahu,death_reporting
86,14,5.0,Netanyahu,death_reporting
87,1,69.0,Netanyahu,death_reporting
87,14,178.0,Netanyahu,death_reporting
89,1,11.0,Netanyahu,death_reporting
89,14,94.0,Netanyahu,death_reporting
90,1,4.0,Netanyahu,death_reporting
90,14,98.0,Netanyahu,death_reporting
91,1,30.0,Netanyahu,death_reporting
91,14,192.0,Netanyahu,death_reporting
92,1,1.0,Netanyahu,death_reporting
92,14,232.0,Netanyahu,death_reporting
93,1,6.0,Netanyahu,death_reporting
93,14,234.0,Netanyahu,death_reporting
94,1,10.0,Netanyahu,death_reporting
94,14,10.0,Netanyahu,death_reporting
95,1,3.0,Netanyahu,death_reporting
95,14,245.0,Netanyahu,death_reporting
96,1,11.0,Netanyahu,death_reporting
96,14,72.0,Netanyahu,death_reporting
97,1,9.0,Netanyahu,death_reporting
97,14,140.0,Netanyahu,death_reporting
98,1,11.0,Netanyahu,death_reporting
98,14,205.0,Netanyahu,death_reporting
99,1,0.0,Netanyahu,death_reporting
99,14,192.0,Netanyahu,death_reporting
100,1,0.0,Netanyahu,death_reporting
100,14,0.0,Netanyahu,death_reporting
101,1,0.0,Netanyahu,death_reporting
101,14,8.0,Netanyahu,death_reporting
102,1,11.0,Netanyahu,death_reporting
102,14,122.0,Netanyahu,death_reporting
103,1,1.0,Netanyahu,death_reporting
103,14,236.0,Netanyahu,death_reporting
104,1,0.0,Netanyahu,death_reporting
104,14,40.0,Netanyahu,death_reporting
105,1,6.0,Netanyahu,death_reporting
105,14,164.0,Netanyahu,death_reporting
106,1,0.0,Netanyahu,death_reporting
106,14,151.0,Netanyahu,death_reporting
108,1,6.0,Netanyahu,death_reporting
108,14,243.0,Netanyahu,death_reporting
1,1,2.0,Netanyahu,human_rights_violations
1,14,125.0,Netanyahu,human_rights_violations
2,1,0.0,Netanyahu,human_rights_violations
2,14,172.0,Netanyahu,human_rights_violations
3,1,0.0,Netanyahu,human_rights_violations
3,14,165.0,Netanyahu,human_rights_violations
4,1,2.0,Netanyahu,human_rights_violations
4,14,107.0,Netanyahu,human_rights_violations
5,1,6.0,Netanyahu,human_rights_violations
5,14,176.0,Netanyahu,human_rights_violations
6,1,5.0,Netanyahu,human_rights_violations
6,14,211.0,Netanyahu,human_rights_violations
7,1,9.0,Netanyahu,human_rights_violations
7,14,255.0,Netanyahu,human_rights_violations
8,1,0.0,Netanyahu,human_rights_violations
8,14,104.0,Netanyahu,human_rights_violations
9,1,1.0,Netanyahu,human_rights_violations
9,14,162.0,Netanyahu,human_rights_violations
10,1,31.0,Netanyahu,human_rights_violations
10,14,184.0,Netanyahu,human_rights_violations
11,14,0.0,Netanyahu,human_rights_violations
12,1,21.0,Netanyahu,human_rights_violations
12,14,139.0,Netanyahu,human_rights_violations
13,1,2.0,Netanyahu,human_rights_violations
13,14,104.0,Netanyahu,human_rights_violations
14,1,0.0,Netanyahu,human_rights_violations
14,14,21.0,Netanyahu,human_rights_violations
15,1,1.0,Netanyahu,human_rights_violations
15,14,6.0,Netanyahu,human_rights_violations
16,1,5.0,Netanyahu,human_rights_violations
16,14,125.0,Netanyahu,human_rights_violations
17,1,0.0,Netanyahu,human_rights_violations
17,14,133.0,Netanyahu,human_rights_violations
18,1,0.0,Netanyahu,human_rights_violations
18,14,125.0,Netanyahu,human_rights_violations
19,1,37.0,Netanyahu,human_rights_violations
19,14,179.0,Netanyahu,human_rights_violations
20,1,11.0,Netanyahu,human_rights_violations
20,14,24.0,Netanyahu,human_rights_violations
21,1,5.0,Netanyahu,human_rights_violations
21,14,173.0,Netanyahu,human_rights_violations
22,1,2.0,Netanyahu,human_rights_violations
22,14,106.0,Netanyahu,human_rights_violations
23,1,5.0,Netanyahu,human_rights_violations
23,14,81.0,Netanyahu,human_rights_violations
24,1,8.0,Netanyahu,human_rights_violations
24,14,152.0,Netanyahu,human_rights_violations
25,1,0.0,Netanyahu,human_rights_violations
25,14,158.0,Netanyahu,human_rights_violations
26,1,18.0,Netanyahu,human_rights_violations
26,14,111.0,Netanyahu,human_rights_violations
27,1,5.0,Netanyahu,human_rights_violations
27,14,156.0,Netanyahu,human_rights_violations
28,1,1.0,Netanyahu,human_rights_violations
28,14,179.0,Netanyahu,human_rights_violations
29,1,15.0,Netanyahu,human_rights_violations
29,14,240.0,Netanyahu,human_rights_violations
30,1,0.0,Netanyahu,human_rights_violations
30,14,113.0,Netanyahu,human_rights_violations
31,1,8.0,Netanyahu,human_rights_violations
31,14,82.0,Netanyahu,human_rights_violations
32,1,0.0,Netanyahu,human_rights_violations
32,14,86.0,Netanyahu,human_rights_violations
33,1,0.0,Netanyahu,human_rights_violations
33,14,105.0,Netanyahu,human_rights_violations
34,1,2.0,Netanyahu,human_rights_violations
34,14,116.0,Netanyahu,human_rights_violations
35,1,0.0,Netanyahu,human_rights_violations
35,14,73.0,Netanyahu,human_rights_violations
37,1,0.0,Netanyahu,human_rights_violations
37,14,38.0,Netanyahu,human_rights_violations
38,1,9.0,Netanyahu,human_rights_violations
38,14,46.0,Netanyahu,human_rights_violations
39,1,2.0,Netanyahu,human_rights_violations
39,14,202.0,Netanyahu,human_rights_violations
40,1,0.0,Netanyahu,human_rights_violations
41,1,9.0,Netanyahu,human_rights_violations
41,14,111.0,Netanyahu,human_rights_violations
42,1,13.0,Netanyahu,human_rights_violations
42,14,14.0,Netanyahu,human_rights_violations
43,1,6.0,Netanyahu,human_rights_violations
43,14,58.0,Netanyahu,human_rights_violations
44,1,5.0,Netanyahu,human_rights_violations
44,14,20.0,Netanyahu,human_rights_violations
45,1,0.0,Netanyahu,human_rights_violations
45,14,24.0,Netanyahu,human_rights_violations
46,1,2.0,Netanyahu,human_rights_violations
46,14,12.0,Netanyahu,human_rights_violations
47,1,10.0,Netanyahu,human_rights_violations
47,14,131.0,Netanyahu,human_rights_violations
48,1,0.0,Netanyahu,human_rights_violations
48,14,107.0,Netanyahu,human_rights_violations
49,1,0.0,Netanyahu,human_rights_violations
49,14,35.0,Netanyahu,human_rights_violations
50,1,5.0,Netanyahu,human_rights_violations
50,14,29.0,Netanyahu,human_rights_violations
51,1,14.0,Netanyahu,human_rights_violations
51,14,38.0,Netanyahu,human_rights_violations
52,1,15.0,Netanyahu,human_rights_violations
52,14,18.0,Netanyahu,human_rights_violations
53,1,23.0,Netanyahu,human_rights_violations
53,14,33.0,Netanyahu,human_rights_violations
54,1,0.0,Netanyahu,human_rights_violations
54,14,0.0,Netanyahu,human_rights_violations
55,1,0.0,Netanyahu,human_rights_violations
55,14,52.0,Netanyahu,human_rights_violations
56,1,1.0,Netanyahu,human_rights_violations
56,14,0.0,Netanyahu,human_rights_violations
57,1,7.0,Netanyahu,human_rights_violations
57,14,14.0,Netanyahu,human_rights_violations
58,1,0.0,Netanyahu,human_rights_violations
58,14,6.0,Netanyahu,human_rights_violations
59,1,2.0,Netanyahu,human_rights_violations
59,14,13.0,Netanyahu,human_rights_violations
60,1,15.0,Netanyahu,human_rights_violations
60,14,49.0,Netanyahu,human_rights_violations
61,1,0.0,Netanyahu,human_rights_violations
61,14,96.0,Netanyahu,human_rights_violations
62,1,12.0,Netanyahu,human_rights_violations
62,14,28.0,Netanyahu,human_rights_violations
63,1,0.0,Netanyahu,human_rights_violations
63,14,0.0,Netanyahu,human_rights_violations
64,1,0.0,Netanyahu,human_rights_violations
64,14,123.0,Netanyahu,human_rights_violations
65,1,3.0,Netanyahu,human_rights_violations
65,14,51.0,Netanyahu,human_rights_violations
66,1,0.0,Netanyahu,human_rights_violations
66,14,17.0,Netanyahu,human_rights_violations
67,1,3.0,Netanyahu,human_rights_violations
67,14,146.0,Netanyahu,human_rights_violations
68,1,27.0,Netanyahu,human_rights_violations
68,14,180.0,Netanyahu,human_rights_violations
69,1,0.0,Netanyahu,human_rights_violations
69,14,32.0,Netanyahu,human_rights_violations
70,14,0.0,Netanyahu,human_rights_violations
71,1,3.0,Netanyahu,human_rights_violations
71,14,24.0,Netanyahu,human_rights_violations
72,1,3.0,Netanyahu,human_rights_violations
72,14,3.0,Netanyahu,human_rights_violations
73,1,3.0,Netanyahu,human_rights_violations
73,14,134.0,Netanyahu,human_rights_violations
74,1,1.0,Netanyahu,human_rights_violations
74,14,130.0,Netanyahu,human_rights_violations
75,1,17.0,Netanyahu,human_rights_violations
75,14,144.0,Netanyahu,human_rights_violations
76,1,1.0,Netanyahu,human_rights_violations
76,14,88.0,Netanyahu,human_rights_violations
77,1,6.0,Netanyahu,human_rights_violations
77,14,130.0,Netanyahu,human_rights_violations
78,1,0.0,Netanyahu,human_rights_violations
78,14,4.0,Netanyahu,human_rights_violations
79,1,9.0,Netanyahu,human_rights_violations
79,14,99.0,Netanyahu,human_rights_violations
80,1,2.0,Netanyahu,human_rights_violations
80,14,5.0,Netanyahu,human_rights_violations
81,1,0.0,Netanyahu,human_rights_violations
81,14,1.0,Netanyahu,human_rights_violations
82,1,3.0,Netanyahu,human_rights_violations
82,14,0.0,Netanyahu,human_rights_violations
83,1,18.0,Netanyahu,human_rights_violations
83,14,60.0,Netanyahu,human_rights_violations
84,1,0.0,Netanyahu,human_rights_violations
84,14,174.0,Netanyahu,human_rights_violations
85,1,0.0,Netanyahu,human_rights_violations
85,14,106.0,Netanyahu,human_rights_violations
86,1,6.0,Netanyahu,human_rights_violations
86,14,3.0,Netanyahu,human_rights_violations
87,1,78.0,Netanyahu,human_rights_violations
87,14,88.0,Netanyahu,human_rights_violations
89,1,0.0,Netanyahu,human_rights_violations
89,14,66.0,Netanyahu,human_rights_violations
90,1,4.0,Netanyahu,human_rights_violations
90,14,37.0,Netanyahu,human_rights_violations
91,1,36.0,Netanyahu,human_rights_violations
91,14,108.0,Netanyahu,human_rights_violations
92,1,0.0,Netanyahu,human_rights_violations
92,14,159.0,Netanyahu,human_rights_violations
93,1,6.0,Netanyahu,human_rights_violations
93,14,106.0,Netanyahu,human_rights_violations
94,1,22.0,Netanyahu,human_rights_violations
94,14,3.0,Netanyahu,human_rights_violations
95,1,2.0,Netanyahu,human_rights_violations
95,14,165.0,Netanyahu,human_rights_violations
96,1,10.0,Netanyahu,human_rights_violations
96,14,75.0,Netanyahu,human_rights_violations
97,1,0.0,Netanyahu,human_rights_violations
97,14,82.0,Netanyahu,human_rights_violations
98,1,16.0,Netanyahu,human_rights_violations
98,14,127.0,Netanyahu,human_rights_violations
99,1,0.0,Netanyahu,human_rights_violations
99,14,121.0,Netanyahu,human_rights_violations
100,1,0.0,Netanyahu,human_rights_violations
100,14,0.0,Netanyahu,human_rights_violations
101,1,0.0,Netanyahu,human_rights_violations
101,14,25.0,Netanyahu,human_rights_violations
102,1,1.0,Netanyahu,human_rights_violations
102,14,79.0,Netanyahu,human_rights_violations
103,1,1.0,Netanyahu,human_rights_violations
103,14,175.0,Netanyahu,human_rights_violations
104,1,0.0,Netanyahu,human_rights_violations
104,14,21.0,Netanyahu,human_rights_violations
105,1,5.0,Netanyahu,human_rights_violations
105,14,119.0,Netanyahu,human_rights_violations
106,1,0.0,Netanyahu,human_rights_violations
106,14,78.0,Netanyahu,human_rights_violations
108,1,3.0,Netanyahu,human_rights_violations
108,14,131.0,Netanyahu,human_rights_violations
1,1,0.0,Hamas_leaders,overall
1,14,32.0,Hamas_leaders,overall
2,1,4.0,Hamas_leaders,overall
2,14,52.0,Hamas_leaders,overall
3,1,0.0,Hamas_leaders,overall
3,14,43.0,Hamas_leaders,overall
4,1,0.0,Hamas_leaders,overall
4,14,44.0,Hamas_leaders,overall
5,1,1.0,Hamas_leaders,overall
5,14,89.0,Hamas_leaders,overall
6,1,3.0,Hamas_leaders,overall
6,14,36.0,Hamas_leaders,overall
7,1,8.0,Hamas_leaders,overall
7,14,27.0,Hamas_leaders,overall
8,1,0.0,Hamas_leaders,overall
8,14,76.0,Hamas_leaders,overall
9,1,1.0,Hamas_leaders,overall
9,14,62.0,Hamas_leaders,overall
10,1,1.0,Hamas_leaders,overall
10,14,33.0,Hamas_leaders,overall
11,14,0.0,Hamas_leaders,overall
12,1,0.0,Hamas_leaders,overall
12,14,41.0,Hamas_leaders,overall
13,1,1.0,Hamas_leaders,overall
13,14,55.0,Hamas_leaders,overall
14,1,2.0,Hamas_leaders,overall
14,14,3.0,Hamas_leaders,overall
15,1,0.0,Hamas_leaders,overall
15,14,0.0,Hamas_leaders,overall
16,1,0.0,Hamas_leaders,overall
16,14,43.0,Hamas_leaders,overall
17,1,0.0,Hamas_leaders,overall
17,14,35.0,Hamas_leaders,overall
18,1,7.0,Hamas_leaders,overall
18,14,38.0,Hamas_leaders,overall
19,1,8.0,Hamas_leaders,overall
19,14,75.0,Hamas_leaders,overall
20,1,9.0,Hamas_leaders,overall
20,14,7.0,Hamas_leaders,overall
21,1,6.0,Hamas_leaders,overall
21,14,22.0,Hamas_leaders,overall
22,1,2.0,Hamas_leaders,overall
22,14,61.0,Hamas_leaders,overall
23,1,1.0,Hamas_leaders,overall
23,14,50.0,Hamas_leaders,overall
24,1,2.0,Hamas_leaders,overall
24,14,35.0,Hamas_leaders,overall
25,1,5.0,Hamas_leaders,overall
25,14,23.0,Hamas_leaders,overall
26,1,4.0,Hamas_leaders,overall
26,14,48.0,Hamas_leaders,overall
27,1,5.0,Hamas_leaders,overall
27,14,43.0,Hamas_leaders,overall
28,1,1.0,Hamas_leaders,overall
28,14,38.0,Hamas_leaders,overall
29,1,7.0,Hamas_leaders,overall
29,14,57.0,Hamas_leaders,overall
30,1,3.0,Hamas_leaders,overall
30,14,49.0,Hamas_leaders,overall
31,1,2.0,Hamas_leaders,overall
31,14,20.0,Hamas_leaders,overall
32,1,0.0,Hamas_leaders,overall
32,14,21.0,Hamas_leaders,overall
33,1,0.0,Hamas_leaders,overall
33,14,31.0,Hamas_leaders,overall
34,1,4.0,Hamas_leaders,overall
34,14,3.0,Hamas_leaders,overall
35,1,0.0,Hamas_leaders,overall
35,14,56.0,Hamas_leaders,overall
37,1,0.0,Hamas_leaders,overall
37,14,5.0,Hamas_leaders,overall
38,1,6.0,Hamas_leaders,overall
38,14,17.0,Hamas_leaders,overall
39,1,3.0,Hamas_leaders,overall
39,14,90.0,Hamas_leaders,overall
40,1,0.0,Hamas_leaders,overall
41,1,0.0,Hamas_leaders,overall
41,14,24.0,Hamas_leaders,overall
42,1,5.0,Hamas_leaders,overall
42,14,26.0,Hamas_leaders,overall
43,1,0.0,Hamas_leaders,overall
43,14,14.0,Hamas_leaders,overall
44,1,1.0,Hamas_leaders,overall
44,14,6.0,Hamas_leaders,overall
45,1,1.0,Hamas_leaders,overall
45,14,70.0,Hamas_leaders,overall
46,1,0.0,Hamas_leaders,overall
46,14,6.0,Hamas_leaders,overall
47,1,1.0,Hamas_leaders,overall
47,14,50.0,Hamas_leaders,overall
48,1,0.0,Hamas_leaders,overall
48,14,33.0,Hamas_leaders,overall
49,1,0.0,Hamas_leaders,overall
49,14,7.0,Hamas_leaders,overall
50,1,0.0,Hamas_leaders,overall
50,14,5.0,Hamas_leaders,overall
51,1,4.0,Hamas_leaders,overall
51,14,36.0,Hamas_leaders,overall
52,1,0.0,Hamas_leaders,overall
52,14,2.0,Hamas_leaders,overall
53,1,3.0,Hamas_leaders,overall
53,14,5.0,Hamas_leaders,overall
54,1,0.0,Hamas_leaders,overall
54,14,0.0,Hamas_leaders,overall
55,1,0.0,Hamas_leaders,overall
55,14,22.0,Hamas_leaders,overall
56,1,0.0,Hamas_leaders,overall
56,14,7.0,Hamas_leaders,overall
57,1,0.0,Hamas_leaders,overall
57,14,31.0,Hamas_leaders,overall
58,1,0.0,Hamas_leaders,overall
58,14,18.0,Hamas_leaders,overall
59,1,0.0,Hamas_leaders,overall
59,14,6.0,Hamas_leaders,overall
60,1,43.0,Hamas_leaders,overall
60,14,11.0,Hamas_leaders,overall
61,1,0.0,Hamas_leaders,overall
61,14,36.0,Hamas_leaders,overall
62,1,2.0,Hamas_leaders,overall
62,14,28.0,Hamas_leaders,overall
63,1,0.0,Hamas_leaders,overall
63,14,0.0,Hamas_leaders,overall
64,1,0.0,Hamas_leaders,overall
64,14,85.0,Hamas_leaders,overall
65,1,0.0,Hamas_leaders,overall
65,14,15.0,Hamas_leaders,overall
66,1,0.0,Hamas_leaders,overall
66,14,7.0,Hamas_leaders,overall
67,1,0.0,Hamas_leaders,overall
67,14,27.0,Hamas_leaders,overall
68,1,0.0,Hamas_leaders,overall
68,14,81.0,Hamas_leaders,overall
69,1,0.0,Hamas_leaders,overall
69,14,3.0,Hamas_leaders,overall
70,14,2.0,Hamas_leaders,overall
71,1,0.0,Hamas_leaders,overall
71,14,11.0,Hamas_leaders,overall
72,1,0.0,Hamas_leaders,overall
72,14,1.0,Hamas_leaders,overall
73,1,0.0,Hamas_leaders,overall
73,14,107.0,Hamas_leaders,overall
74,1,14.0,Hamas_leaders,overall
74,14,34.0,Hamas_leaders,overall
75,1,10.0,Hamas_leaders,overall
75,14,47.0,Hamas_leaders,overall
76,1,0.0,Hamas_leaders,overall
76,14,44.0,Hamas_leaders,overall
77,1,4.0,Hamas_leaders,overall
77,14,38.0,Hamas_leaders,overall
78,1,0.0,Hamas_leaders,overall
78,14,2.0,Hamas_leaders,overall
79,1,0.0,Hamas_leaders,overall
79,14,72.0,Hamas_leaders,overall
80,1,1.0,Hamas_leaders,overall
80,14,5.0,Hamas_leaders,overall
81,1,0.0,Hamas_leaders,overall
81,14,2.0,Hamas_leaders,overall
82,1,0.0,Hamas_leaders,overall
82,14,13.0,Hamas_leaders,overall
83,1,8.0,Hamas_leaders,overall
83,14,20.0,Hamas_leaders,overall
84,1,0.0,Hamas_leaders,overall
84,14,98.0,Hamas_leaders,overall
85,1,4.0,Hamas_leaders,overall
85,14,40.0,Hamas_leaders,overall
86,1,0.0,Hamas_leaders,overall
86,14,5.0,Hamas_leaders,overall
87,1,2.0,Hamas_leaders,overall
87,14,22.0,Hamas_leaders,overall
89,1,4.0,Hamas_leaders,overall
89,14,19.0,Hamas_leaders,overall
90,1,6.0,Hamas_leaders,overall
90,14,14.0,Hamas_leaders,overall
91,1,0.0,Hamas_leaders,overall
91,14,90.0,Hamas_leaders,overall
92,1,0.0,Hamas_leaders,overall
92,14,42.0,Hamas_leaders,overall
93,1,0.0,Hamas_leaders,overall
93,14,89.0,Hamas_leaders,overall
94,1,29.0,Hamas_leaders,overall
94,14,5.0,Hamas_leaders,overall
95,1,7.0,Hamas_leaders,overall
95,14,75.0,Hamas_leaders,overall
96,1,15.0,Hamas_leaders,overall
96,14,13.0,Hamas_leaders,overall
97,1,10.0,Hamas_leaders,overall
97,14,56.0,Hamas_leaders,overall
98,1,3.0,Hamas_leaders,overall
98,14,56.0,Hamas_leaders,overall
99,1,0.0,Hamas_leaders,overall
99,14,52.0,Hamas_leaders,overall
100,1,0.0,Hamas_leaders,overall
100,14,0.0,Hamas_leaders,overall
101,1,0.0,Hamas_leaders,overall
101,14,6.0,Hamas_leaders,overall
102,1,6.0,Hamas_leaders,overall
102,14,39.0,Hamas_leaders,overall
103,1,3.0,Hamas_leaders,overall
103,14,77.0,Hamas_leaders,overall
104,1,0.0,Hamas_leaders,overall
104,14,5.0,Hamas_leaders,overall
105,1,0.0,Hamas_leaders,overall
105,14,66.0,Hamas_leaders,overall
106,1,0.0,Hamas_leaders,overall
106,14,23.0,Hamas_leaders,overall
108,1,6.0,Hamas_leaders,overall
108,14,29.0,Hamas_leaders,overall
1,1,0.0,Hamas_leaders,death_reporting
1,14,25.0,Hamas_leaders,death_reporting
2,1,4.0,Hamas_leaders,death_reporting
2,14,41.0,Hamas_leaders,death_reporting
3,1,0.0,Hamas_leaders,death_reporting
3,14,34.0,Hamas_leaders,death_reporting
4,1,0.0,Hamas_leaders,death_reporting
4,14,38.0,Hamas_leaders,death_reporting
5,1,1.0,Hamas_leaders,death_reporting
5,14,75.0,Hamas_leaders,death_reporting
6,1,3.0,Hamas_leaders,death_reporting
6,14,28.0,Hamas_leaders,death_reporting
7,1,8.0,Hamas_leaders,death_reporting
7,14,25.0,Hamas_leaders,death_reporting
8,1,0.0,Hamas_leaders,death_reporting
8,14,62.0,Hamas_leaders,death_reporting
9,1,0.0,Hamas_leaders,death_reporting
9,14,49.0,Hamas_leaders,death_reporting
10,1,1.0,Hamas_leaders,death_reporting
10,14,27.0,Hamas_leaders,death_reporting
11,14,0.0,Hamas_leaders,death_reporting
12,1,0.0,Hamas_leaders,death_reporting
12,14,33.0,Hamas_leaders,death_reporting
13,1,1.0,Hamas_leaders,death_reporting
13,14,52.0,Hamas_leaders,death_reporting
14,1,2.0,Hamas_leaders,death_reporting
14,14,2.0,Hamas_leaders,death_reporting
15,1,0.0,Hamas_leaders,death_reporting
15,14,0.0,Hamas_leaders,death_reporting
16,1,0.0,Hamas_leaders,death_reporting
16,14,16.0,Hamas_leaders,death_reporting
17,1,0.0,Hamas_leaders,death_reporting
17,14,31.0,Hamas_leaders,death_reporting
18,1,7.0,Hamas_leaders,death_reporting
18,14,29.0,Hamas_leaders,death_reporting
19,1,8.0,Hamas_leaders,death_reporting
19,14,67.0,Hamas_leaders,death_reporting
20,1,9.0,Hamas_leaders,death_reporting
20,14,4.0,Hamas_leaders,death_reporting
21,1,6.0,Hamas_leaders,death_reporting
21,14,10.0,Hamas_leaders,death_reporting
22,1,1.0,Hamas_leaders,death_reporting
22,14,55.0,Hamas_leaders,death_reporting
23,1,0.0,Hamas_leaders,death_reporting
23,14,43.0,Hamas_leaders,death_reporting
24,1,0.0,Hamas_leaders,death_reporting
24,14,35.0,Hamas_leaders,death_reporting
25,1,5.0,Hamas_leaders,death_reporting
25,14,19.0,Hamas_leaders,death_reporting
26,1,3.0,Hamas_leaders,death_reporting
26,14,41.0,Hamas_leaders,death_reporting
27,1,0.0,Hamas_leaders,death_reporting
27,14,33.0,Hamas_leaders,death_reporting
28,1,0.0,Hamas_leaders,death_reporting
28,14,34.0,Hamas_leaders,death_reporting
29,1,7.0,Hamas_leaders,death_reporting
29,14,47.0,Hamas_leaders,death_reporting
30,1,0.0,Hamas_leaders,death_reporting
30,14,45.0,Hamas_leaders,death_reporting
31,1,2.0,Hamas_leaders,death_reporting
31,14,18.0,Hamas_leaders,death_reporting
32,1,0.0,Hamas_leaders,death_reporting
32,14,13.0,Hamas_leaders,death_reporting
33,1,0.0,Hamas_leaders,death_reporting
33,14,26.0,Hamas_leaders,death_reporting
34,1,4.0,Hamas_leaders,death_reporting
34,14,3.0,Hamas_leaders,death_reporting
35,1,0.0,Hamas_leaders,death_reporting
35,14,50.0,Hamas_leaders,death_reporting
37,1,0.0,Hamas_leaders,death_reporting
37,14,5.0,Hamas_leaders,death_reporting
38,1,6.0,Hamas_leaders,death_reporting
38,14,12.0,Hamas_leaders,death_reporting
39,1,3.0,Hamas_leaders,death_reporting
39,14,77.0,Hamas_leaders,death_reporting
40,1,0.0,Hamas_leaders,death_reporting
41,1,0.0,Hamas_leaders,death_reporting
41,14,23.0,Hamas_leaders,death_reporting
42,1,0.0,Hamas_leaders,death_reporting
42,14,25.0,Hamas_leaders,death_reporting
43,1,0.0,Hamas_leaders,death_reporting
43,14,14.0,Hamas_leaders,death_reporting
44,1,0.0,Hamas_leaders,death_reporting
44,14,4.0,Hamas_leaders,death_reporting
45,1,0.0,Hamas_leaders,death_reporting
45,14,70.0,Hamas_leaders,death_reporting
46,1,0.0,Hamas_leaders,death_reporting
46,14,1.0,Hamas_leaders,death_reporting
47,1,1.0,Hamas_leaders,death_reporting
47,14,47.0,Hamas_leaders,death_reporting
48,1,0.0,Hamas_leaders,death_reporting
48,14,23.0,Hamas_leaders,death_reporting
49,1,0.0,Hamas_leaders,death_reporting
49,14,6.0,Hamas_leaders,death_reporting
50,1,0.0,Hamas_leaders,death_reporting
50,14,5.0,Hamas_leaders,death_reporting
51,1,2.0,Hamas_leaders,death_reporting
51,14,34.0,Hamas_leaders,death_reporting
52,1,0.0,Hamas_leaders,death_reporting
52,14,2.0,Hamas_leaders,death_reporting
53,1,3.0,Hamas_leaders,death_reporting
53,14,2.0,Hamas_leaders,death_reporting
54,1,0.0,Hamas_leaders,death_reporting
54,14,0.0,Hamas_leaders,death_reporting
55,1,0.0,Hamas_leaders,death_reporting
55,14,16.0,Hamas_leaders,death_reporting
56,1,0.0,Hamas_leaders,death_reporting
56,14,7.0,Hamas_leaders,death_reporting
57,1,0.0,Hamas_leaders,death_reporting
57,14,24.0,Hamas_leaders,death_reporting
58,1,0.0,Hamas_leaders,death_reporting
58,14,18.0,Hamas_leaders,death_reporting
59,1,0.0,Hamas_leaders,death_reporting
59,14,1.0,Hamas_leaders,death_reporting
60,1,43.0,Hamas_leaders,death_reporting
60,14,9.0,Hamas_leaders,death_reporting
61,1,0.0,Hamas_leaders,death_reporting
61,14,22.0,Hamas_leaders,death_reporting
62,1,2.0,Hamas_leaders,death_reporting
62,14,28.0,Hamas_leaders,death_reporting
63,1,0.0,Hamas_leaders,death_reporting
63,14,0.0,Hamas_leaders,death_reporting
64,1,0.0,Hamas_leaders,death_reporting
64,14,74.0,Hamas_leaders,death_reporting
65,1,0.0,Hamas_leaders,death_reporting
65,14,7.0,Hamas_leaders,death_reporting
66,1,0.0,Hamas_leaders,death_reporting
66,14,7.0,Hamas_leaders,death_reporting
67,1,0.0,Hamas_leaders,death_reporting
67,14,22.0,Hamas_leaders,death_reporting
68,1,0.0,Hamas_leaders,death_reporting
68,14,53.0,Hamas_leaders,death_reporting
69,1,0.0,Hamas_leaders,death_reporting
69,14,2.0,Hamas_leaders,death_reporting
70,14,2.0,Hamas_leaders,death_reporting
71,1,0.0,Hamas_leaders,death_reporting
71,14,9.0,Hamas_leaders,death_reporting
72,1,0.0,Hamas_leaders,death_reporting
72,14,1.0,Hamas_leaders,death_reporting
73,1,0.0,Hamas_leaders,death_reporting
73,14,106.0,Hamas_leaders,death_reporting
74,1,13.0,Hamas_leaders,death_reporting
74,14,29.0,Hamas_leaders,death_reporting
75,1,10.0,Hamas_leaders,death_reporting
75,14,35.0,Hamas_leaders,death_reporting
76,1,0.0,Hamas_leaders,death_reporting
76,14,40.0,Hamas_leaders,death_reporting
77,1,0.0,Hamas_leaders,death_reporting
77,14,32.0,Hamas_leaders,death_reporting
78,1,0.0,Hamas_leaders,death_reporting
78,14,2.0,Hamas_leaders,death_reporting
79,1,0.0,Hamas_leaders,death_reporting
79,14,62.0,Hamas_leaders,death_reporting
80,1,1.0,Hamas_leaders,death_reporting
80,14,5.0,Hamas_leaders,death_reporting
81,1,0.0,Hamas_leaders,death_reporting
81,14,0.0,Hamas_leaders,death_reporting
82,1,0.0,Hamas_leaders,death_reporting
82,14,13.0,Hamas_leaders,death_reporting
83,1,6.0,Hamas_leaders,death_reporting
83,14,19.0,Hamas_leaders,death_reporting
84,1,0.0,Hamas_leaders,death_reporting
84,14,94.0,Hamas_leaders,death_reporting
85,1,4.0,Hamas_leaders,death_reporting
85,14,39.0,Hamas_leaders,death_reporting
86,1,0.0,Hamas_leaders,death_reporting
86,14,5.0,Hamas_leaders,death_reporting
87,1,2.0,Hamas_leaders,death_reporting
87,14,18.0,Hamas_leaders,death_reporting
89,1,4.0,Hamas_leaders,death_reporting
89,14,14.0,Hamas_leaders,death_reporting
90,1,4.0,Hamas_leaders,death_reporting
90,14,13.0,Hamas_leaders,death_reporting
91,1,0.0,Hamas_leaders,death_reporting
91,14,80.0,Hamas_leaders,death_reporting
92,1,0.0,Hamas_leaders,death_reporting
92,14,37.0,Hamas_leaders,death_reporting
93,1,0.0,Hamas_leaders,death_reporting
93,14,84.0,Hamas_leaders,death_reporting
94,1,21.0,Hamas_leaders,death_reporting
94,14,4.0,Hamas_leaders,death_reporting
95,1,7.0,Hamas_leaders,death_reporting
95,14,46.0,Hamas_leaders,death_reporting
96,1,15.0,Hamas_leaders,death_reporting
96,14,5.0,Hamas_leaders,death_reporting
97,1,10.0,Hamas_leaders,death_reporting
97,14,53.0,Hamas_leaders,death_reporting
98,1,0.0,Hamas_leaders,death_reporting
98,14,50.0,Hamas_leaders,death_reporting
99,1,0.0,Hamas_leaders,death_reporting
99,14,51.0,Hamas_leaders,death_reporting
100,1,0.0,Hamas_leaders,death_reporting
100,14,0.0,Hamas_leaders,death_reporting
101,1,0.0,Hamas_leaders,death_reporting
101,14,6.0,Hamas_leaders,death_reporting
102,1,5.0,Hamas_leaders,death_reporting
102,14,33.0,Hamas_leaders,death_reporting
103,1,3.0,Hamas_leaders,death_reporting
103,14,68.0,Hamas_leaders,death_reporting
104,1,0.0,Hamas_leaders,death_reporting
104,14,5.0,Hamas_leaders,death_reporting
105,1,0.0,Hamas_leaders,death_reporting
105,14,50.0,Hamas_leaders,death_reporting
106,1,0.0,Hamas_leaders,death_reporting
106,14,20.0,Hamas_leaders,death_reporting
108,1,6.0,Hamas_leaders,death_reporting
108,14,21.0,Hamas_leaders,death_reporting
1,1,0.0,Hamas_leaders,human_rights_violations
1,14,19.0,Hamas_leaders,human_rights_violations
2,1,0.0,Hamas_leaders,human_rights_violations
2,14,37.0,Hamas_leaders,human_rights_violations
3,1,0.0,Hamas_leaders,human_rights_violations
3,14,14.0,Hamas_leaders,human_rights_violations
4,1,0.0,Hamas_leaders,human_rights_violations
4,14,17.0,Hamas_leaders,human_rights_violations
5,1,0.0,Hamas_leaders,human_rights_violations
5,14,26.0,Hamas_leaders,human_rights_violations
6,1,0.0,Hamas_leaders,human_rights_violations
6,14,12.0,Hamas_leaders,human_rights_violations
7,1,1.0,Hamas_leaders,human_rights_violations
7,14,10.0,Hamas_leaders,human_rights_violations
8,1,0.0,Hamas_leaders,human_rights_violations
8,14,24.0,Hamas_leaders,human_rights_violations
9,1,0.0,Hamas_leaders,human_rights_violations
9,14,14.0,Hamas_leaders,human_rights_violations
10,1,1.0,Hamas_leaders,human_rights_violations
10,14,15.0,Hamas_leaders,human_rights_violations
11,14,0.0,Hamas_leaders,human_rights_violations
12,1,0.0,Hamas_leaders,human_rights_violations
12,14,19.0,Hamas_leaders,human_rights_violations
13,1,1.0,Hamas_leaders,human_rights_violations
13,14,42.0,Hamas_leaders,human_rights_violations
14,1,0.0,Hamas_leaders,human_rights_violations
14,14,0.0,Hamas_leaders,human_rights_violations
15,1,0.0,Hamas_leaders,human_rights_violations
15,14,0.0,Hamas_leaders,human_rights_violations
16,1,0.0,Hamas_leaders,human_rights_violations
16,14,8.0,Hamas_leaders,human_rights_violations
17,1,0.0,Hamas_leaders,human_rights_violations
17,14,15.0,Hamas_leaders,human_rights_violations
18,1,0.0,Hamas_leaders,human_rights_violations
18,14,24.0,Hamas_leaders,human_rights_violations
19,1,8.0,Hamas_leaders,human_rights_violations
19,14,26.0,Hamas_leaders,human_rights_violations
20,1,9.0,Hamas_leaders,human_rights_violations
20,14,5.0,Hamas_leaders,human_rights_violations
21,1,6.0,Hamas_leaders,human_rights_violations
21,14,13.0,Hamas_leaders,human_rights_violations
22,1,1.0,Hamas_leaders,human_rights_violations
22,14,18.0,Hamas_leaders,human_rights_violations
23,1,1.0,Hamas_leaders,human_rights_violations
23,14,42.0,Hamas_leaders,human_rights_violations
24,1,0.0,Hamas_leaders,human_rights_violations
24,14,29.0,Hamas_leaders,human_rights_violations
25,1,0.0,Hamas_leaders,human_rights_violations
25,14,15.0,Hamas_leaders,human_rights_violations
26,1,0.0,Hamas_leaders,human_rights_violations
26,14,20.0,Hamas_leaders,human_rights_violations
27,1,5.0,Hamas_leaders,human_rights_violations
27,14,30.0,Hamas_leaders,human_rights_violations
28,1,1.0,Hamas_leaders,human_rights_violations
28,14,30.0,Hamas_leaders,human_rights_violations
29,1,7.0,Hamas_leaders,human_rights_violations
29,14,32.0,Hamas_leaders,human_rights_violations
30,1,0.0,Hamas_leaders,human_rights_violations
30,14,28.0,Hamas_leaders,human_rights_violations
31,1,0.0,Hamas_leaders,human_rights_violations
31,14,12.0,Hamas_leaders,human_rights_violations
32,1,0.0,Hamas_leaders,human_rights_violations
32,14,9.0,Hamas_leaders,human_rights_violations
33,1,0.0,Hamas_leaders,human_rights_violations
33,14,21.0,Hamas_leaders,human_rights_violations
34,1,0.0,Hamas_leaders,human_rights_violations
34,14,2.0,Hamas_leaders,human_rights_violations
35,1,0.0,Hamas_leaders,human_rights_violations
35,14,19.0,Hamas_leaders,human_rights_violations
37,1,0.0,Hamas_leaders,human_rights_violations
37,14,5.0,Hamas_leaders,human_rights_violations
38,1,6.0,Hamas_leaders,human_rights_violations
38,14,5.0,Hamas_leaders,human_rights_violations
39,1,2.0,Hamas_leaders,human_rights_violations
39,14,52.0,Hamas_leaders,human_rights_violations
40,1,0.0,Hamas_leaders,human_rights_violations
41,1,0.0,Hamas_leaders,human_rights_violations
41,14,10.0,Hamas_leaders,human_rights_violations
42,1,5.0,Hamas_leaders,human_rights_violations
42,14,25.0,Hamas_leaders,human_rights_violations
43,1,0.0,Hamas_leaders,human_rights_violations
43,14,9.0,Hamas_leaders,human_rights_violations
44,1,1.0,Hamas_leaders,human_rights_violations
44,14,2.0,Hamas_leaders,human_rights_violations
45,1,1.0,Hamas_leaders,human_rights_violations
45,14,12.0,Hamas_leaders,human_rights_violations
46,1,0.0,Hamas_leaders,human_rights_violations
46,14,1.0,Hamas_leaders,human_rights_violations
47,1,1.0,Hamas_leaders,human_rights_violations
47,14,31.0,Hamas_leaders,human_rights_violations
48,1,0.0,Hamas_leaders,human_rights_violations
48,14,5.0,Hamas_leaders,human_rights_violations
49,1,0.0,Hamas_leaders,human_rights_violations
49,14,6.0,Hamas_leaders,human_rights_violations
50,1,0.0,Hamas_leaders,human_rights_violations
50,14,3.0,Hamas_leaders,human_rights_violations
51,1,2.0,Hamas_leaders,human_rights_violations
51,14,4.0,Hamas_leaders,human_rights_violations
52,1,0.0,Hamas_leaders,human_rights_violations
52,14,0.0,Hamas_leaders,human_rights_violations
53,1,3.0,Hamas_leaders,human_rights_violations
53,14,1.0,Hamas_leaders,human_rights_violations
54,1,0.0,Hamas_leaders,human_rights_violations
54,14,0.0,Hamas_leaders,human_rights_violations
55,1,0.0,Hamas_leaders,human_rights_violations
55,14,14.0,Hamas_leaders,human_rights_violations
56,1,0.0,Hamas_leaders,human_rights_violations
56,14,0.0,Hamas_leaders,human_rights_violations
57,1,0.0,Hamas_leaders,human_rights_violations
57,14,29.0,Hamas_leaders,human_rights_violations
58,1,0.0,Hamas_leaders,human_rights_violations
58,14,16.0,Hamas_leaders,human_rights_violations
59,1,0.0,Hamas_leaders,human_rights_violations
59,14,5.0,Hamas_leaders,human_rights_violations
60,1,0.0,Hamas_leaders,human_rights_violations
60,14,2.0,Hamas_leaders,human_rights_violations
61,1,0.0,Hamas_leaders,human_rights_violations
61,14,16.0,Hamas_leaders,human_rights_violations
62,1,2.0,Hamas_leaders,human_rights_violations
62,14,4.0,Hamas_leaders,human_rights_violations
63,1,0.0,Hamas_leaders,human_rights_violations
63,14,0.0,Hamas_leaders,human_rights_violations
64,1,0.0,Hamas_leaders,human_rights_violations
64,14,48.0,Hamas_leaders,human_rights_violations
65,1,0.0,Hamas_leaders,human_rights_violations
65,14,0.0,Hamas_leaders,human_rights_violations
66,1,0.0,Hamas_leaders,human_rights_violations
66,14,7.0,Hamas_leaders,human_rights_violations
67,1,0.0,Hamas_leaders,human_rights_violations
67,14,12.0,Hamas_leaders,human_rights_violations
68,1,0.0,Hamas_leaders,human_rights_violations
68,14,65.0,Hamas_leaders,human_rights_violations
69,1,0.0,Hamas_leaders,human_rights_violations
69,14,3.0,Hamas_leaders,human_rights_violations
70,14,0.0,Hamas_leaders,human_rights_violations
71,1,0.0,Hamas_leaders,human_rights_violations
71,14,7.0,Hamas_leaders,human_rights_violations
72,1,0.0,Hamas_leaders,human_rights_violations
72,14,0.0,Hamas_leaders,human_rights_violations
73,1,0.0,Hamas_leaders,human_rights_violations
73,14,19.0,Hamas_leaders,human_rights_violations
74,1,0.0,Hamas_leaders,human_rights_violations
74,14,20.0,Hamas_leaders,human_rights_violations
75,1,10.0,Hamas_leaders,human_rights_violations
75,14,31.0,Hamas_leaders,human_rights_violations
76,1,0.0,Hamas_leaders,human_rights_violations
76,14,27.0,Hamas_leaders,human_rights_violations
77,1,0.0,Hamas_leaders,human_rights_violations
77,14,21.0,Hamas_leaders,human_rights_violations
78,1,0.0,Hamas_leaders,human_rights_violations
78,14,2.0,Hamas_leaders,human_rights_violations
79,1,0.0,Hamas_leaders,human_rights_violations
79,14,41.0,Hamas_leaders,human_rights_violations
80,1,1.0,Hamas_leaders,human_rights_violations
80,14,5.0,Hamas_leaders,human_rights_violations
81,1,0.0,Hamas_leaders,human_rights_violations
81,14,0.0,Hamas_leaders,human_rights_violations
82,1,0.0,Hamas_leaders,human_rights_violations
82,14,8.0,Hamas_leaders,human_rights_violations
83,1,8.0,Hamas_leaders,human_rights_violations
83,14,4.0,Hamas_leaders,human_rights_violations
84,1,0.0,Hamas_leaders,human_rights_violations
84,14,21.0,Hamas_leaders,human_rights_violations
85,1,0.0,Hamas_leaders,human_rights_violations
85,14,19.0,Hamas_leaders,human_rights_violations
86,1,0.0,Hamas_leaders,human_rights_violations
86,14,0.0,Hamas_leaders,human_rights_violations
87,1,2.0,Hamas_leaders,human_rights_violations
87,14,13.0,Hamas_leaders,human_rights_violations
89,1,0.0,Hamas_leaders,human_rights_violations
89,14,6.0,Hamas_leaders,human_rights_violations
90,1,4.0,Hamas_leaders,human_rights_violations
90,14,6.0,Hamas_leaders,human_rights_violations
91,1,0.0,Hamas_leaders,human_rights_violations
91,14,22.0,Hamas_leaders,human_rights_violations
92,1,0.0,Hamas_leaders,human_rights_violations
92,14,27.0,Hamas_leaders,human_rights_violations
93,1,0.0,Hamas_leaders,human_rights_violations
93,14,17.0,Hamas_leaders,human_rights_violations
94,1,24.0,Hamas_leaders,human_rights_violations
94,14,2.0,Hamas_leaders,human_rights_violations
95,1,6.0,Hamas_leaders,human_rights_violations
95,14,26.0,Hamas_leaders,human_rights_violations
96,1,15.0,Hamas_leaders,human_rights_violations
96,14,4.0,Hamas_leaders,human_rights_violations
97,1,0.0,Hamas_leaders,human_rights_violations
97,14,50.0,Hamas_leaders,human_rights_violations
98,1,0.0,Hamas_leaders,human_rights_violations
98,14,29.0,Hamas_leaders,human_rights_violations
99,1,0.0,Hamas_leaders,human_rights_violations
99,14,42.0,Hamas_leaders,human_rights_violations
100,1,0.0,Hamas_leaders,human_rights_violations
100,14,0.0,Hamas_leaders,human_rights_violations
101,1,0.0,Hamas_leaders,human_rights_violations
101,14,0.0,Hamas_leaders,human_rights_violations
102,1,3.0,Hamas_leaders,human_rights_violations
102,14,11.0,Hamas_leaders,human_rights_violations
103,1,0.0,Hamas_leaders,human_rights_violations
103,14,38.0,Hamas_leaders,human_rights_violations
104,1,0.0,Hamas_leaders,human_rights_violations
104,14,2.0,Hamas_leaders,human_rights_violations
105,1,0.0,Hamas_leaders,human_rights_violations
105,14,26.0,Hamas_leaders,human_rights_violations
106,1,0.0,Hamas_leaders,human_rights_violations
106,14,14.0,Hamas_leaders,human_rights_violations
108,1,0.0,Hamas_leaders,human_rights_violations
108,14,12.0,Hamas_leaders,human_rights_violations
1,1,261.0,Zelensky,overall
1,14,2.0,Zelensky,overall
2,1,43.0,Zelensky,overall
2,14,2.0,Zelensky,overall
3,1,266.0,Zelensky,overall
3,14,6.0,Zelensky,overall
4,1,173.0,Zelensky,overall
4,14,3.0,Zelensky,overall
5,1,206.0,Zelensky,overall
5,14,11.0,Zelensky,overall
6,1,317.0,Zelensky,overall
6,14,7.0,Zelensky,overall
7,1,249.0,Zelensky,overall
7,14,6.0,Zelensky,overall
8,1,235.0,Zelensky,overall
8,14,14.0,Zelensky,overall
9,1,226.0,Zelensky,overall
9,14,7.0,Zelensky,overall
10,1,288.0,Zelensky,overall
10,14,7.0,Zelensky,overall
11,14,0.0,Zelensky,overall
12,1,37.0,Zelensky,overall
12,14,1.0,Zelensky,overall
13,1,234.0,Zelensky,overall
13,14,5.0,Zelensky,overall
14,1,290.0,Zelensky,overall
14,14,0.0,Zelensky,overall
15,1,159.0,Zelensky,overall
15,14,0.0,Zelensky,overall
16,1,143.0,Zelensky,overall
16,14,3.0,Zelensky,overall
17,1,23.0,Zelensky,overall
17,14,9.0,Zelensky,overall
18,1,218.0,Zelensky,overall
18,14,2.0,Zelensky,overall
19,1,236.0,Zelensky,overall
19,14,4.0,Zelensky,overall
20,1,207.0,Zelensky,overall
20,14,1.0,Zelensky,overall
21,1,196.0,Zelensky,overall
21,14,4.0,Zelensky,overall
22,1,223.0,Zelensky,overall
22,14,3.0,Zelensky,overall
23,1,203.0,Zelensky,overall
23,14,0.0,Zelensky,overall
24,1,258.0,Zelensky,overall
24,14,8.0,Zelensky,overall
25,1,199.0,Zelensky,overall
25,14,3.0,Zelensky,overall
26,1,281.0,Zelensky,overall
26,14,18.0,Zelensky,overall
27,1,253.0,Zelensky,overall
27,14,2.0,Zelensky,overall
28,1,314.0,Zelensky,overall
28,14,31.0,Zelensky,overall
29,1,223.0,Zelensky,overall
29,14,7.0,Zelensky,overall
30,1,205.0,Zelensky,overall
30,14,6.0,Zelensky,overall
31,1,77.0,Zelensky,overall
31,14,1.0,Zelensky,overall
32,1,17.0,Zelensky,overall
32,14,0.0,Zelensky,overall
33,1,263.0,Zelensky,overall
33,14,8.0,Zelensky,overall
34,1,169.0,Zelensky,overall
34,14,1.0,Zelensky,overall
35,1,180.0,Zelensky,overall
35,14,4.0,Zelensky,overall
37,1,86.0,Zelensky,overall
37,14,9.0,Zelensky,overall
38,1,119.0,Zelensky,overall
38,14,8.0,Zelensky,overall
39,1,160.0,Zelensky,overall
39,14,0.0,Zelensky,overall
40,1,3.0,Zelensky,overall
41,1,170.0,Zelensky,overall
41,14,0.0,Zelensky,overall
42,1,248.0,Zelensky,overall
42,14,0.0,Zelensky,overall
43,1,275.0,Zelensky,overall
43,14,1.0,Zelensky,overall
44,1,245.0,Zelensky,overall
44,14,0.0,Zelensky,overall
45,1,21.0,Zelensky,overall
45,14,0.0,Zelensky,overall
46,1,209.0,Zelensky,overall
46,14,0.0,Zelensky,overall
47,1,281.0,Zelensky,overall
47,14,2.0,Zelensky,overall
48,1,305.0,Zelensky,overall
48,14,33.0,Zelensky,overall
49,1,237.0,Zelensky,overall
49,14,0.0,Zelensky,overall
50,1,292.0,Zelensky,overall
50,14,0.0,Zelensky,overall
51,1,213.0,Zelensky,overall
51,14,0.0,Zelensky,overall
52,1,324.0,Zelensky,overall
52,14,1.0,Zelensky,overall
53,1,209.0,Zelensky,overall
53,14,0.0,Zelensky,overall
54,1,11.0,Zelensky,overall
54,14,0.0,Zelensky,overall
55,1,179.0,Zelensky,overall
55,14,5.0,Zelensky,overall
56,1,102.0,Zelensky,overall
56,14,0.0,Zelensky,overall
57,1,46.0,Zelensky,overall
57,14,0.0,Zelensky,overall
58,1,90.0,Zelensky,overall
58,14,0.0,Zelensky,overall
59,1,22.0,Zelensky,overall
59,14,0.0,Zelensky,overall
60,1,367.0,Zelensky,overall
60,14,4.0,Zelensky,overall
61,1,66.0,Zelensky,overall
61,14,12.0,Zelensky,overall
62,1,211.0,Zelensky,overall
62,14,2.0,Zelensky,overall
63,1,0.0,Zelensky,overall
63,14,0.0,Zelensky,overall
64,1,273.0,Zelensky,overall
64,14,6.0,Zelensky,overall
65,1,228.0,Zelensky,overall
65,14,0.0,Zelensky,overall
66,1,78.0,Zelensky,overall
66,14,0.0,Zelensky,overall
67,1,216.0,Zelensky,overall
67,14,7.0,Zelensky,overall
68,1,282.0,Zelensky,overall
68,14,2.0,Zelensky,overall
69,1,27.0,Zelensky,overall
69,14,3.0,Zelensky,overall
70,14,0.0,Zelensky,overall
71,1,3.0,Zelensky,overall
71,14,0.0,Zelensky,overall
72,1,130.0,Zelensky,overall
72,14,0.0,Zelensky,overall
73,1,54.0,Zelensky,overall
73,14,19.0,Zelensky,overall
74,1,251.0,Zelensky,overall
74,14,4.0,Zelensky,overall
75,1,171.0,Zelensky,overall
75,14,2.0,Zelensky,overall
76,1,206.0,Zelensky,overall
76,14,2.0,Zelensky,overall
77,1,390.0,Zelensky,overall
77,14,3.0,Zelensky,overall
78,1,3.0,Zelensky,overall
78,14,0.0,Zelensky,overall
79,1,334.0,Zelensky,overall
79,14,2.0,Zelensky,overall
80,1,23.0,Zelensky,overall
80,14,0.0,Zelensky,overall
81,1,32.0,Zelensky,overall
81,14,0.0,Zelensky,overall
82,1,15.0,Zelensky,overall
82,14,0.0,Zelensky,overall
83,1,156.0,Zelensky,overall
83,14,0.0,Zelensky,overall
84,1,33.0,Zelensky,overall
84,14,7.0,Zelensky,overall
85,1,110.0,Zelensky,overall
85,14,0.0,Zelensky,overall
86,1,166.0,Zelensky,overall
86,14,0.0,Zelensky,overall
87,1,193.0,Zelensky,overall
87,14,3.0,Zelensky,overall
89,1,189.0,Zelensky,overall
89,14,5.0,Zelensky,overall
90,1,124.0,Zelensky,overall
90,14,0.0,Zelensky,overall
91,1,303.0,Zelensky,overall
91,14,23.0,Zelensky,overall
92,1,226.0,Zelensky,overall
92,14,6.0,Zelensky,overall
93,1,222.0,Zelensky,overall
93,14,11.0,Zelensky,overall
94,1,201.0,Zelensky,overall
94,14,1.0,Zelensky,overall
95,1,272.0,Zelensky,overall
95,14,7.0,Zelensky,overall
96,1,132.0,Zelensky,overall
96,14,3.0,Zelensky,overall
97,1,137.0,Zelensky,overall
97,14,1.0,Zelensky,overall
98,1,291.0,Zelensky,overall
98,14,2.0,Zelensky,overall
99,1,161.0,Zelensky,overall
99,14,6.0,Zelensky,overall
100,1,17.0,Zelensky,overall
100,14,0.0,Zelensky,overall
101,1,0.0,Zelensky,overall
101,14,0.0,Zelensky,overall
102,1,247.0,Zelensky,overall
102,14,10.0,Zelensky,overall
103,1,208.0,Zelensky,overall
103,14,8.0,Zelensky,overall
104,1,6.0,Zelensky,overall
104,14,4.0,Zelensky,overall
105,1,213.0,Zelensky,overall
105,14,0.0,Zelensky,overall
106,1,37.0,Zelensky,overall
106,14,48.0,Zelensky,overall
108,1,239.0,Zelensky,overall
108,14,4.0,Zelensky,overall
1,1,146.0,Zelensky,death_reporting
1,14,0.0,Zelensky,death_reporting
2,1,31.0,Zelensky,death_reporting
2,14,0.0,Zelensky,death_reporting
3,1,130.0,Zelensky,death_reporting
3,14,6.0,Zelensky,death_reporting
4,1,115.0,Zelensky,death_reporting
4,14,1.0,Zelensky,death_reporting
5,1,128.0,Zelensky,death_reporting
5,14,7.0,Zelensky,death_reporting
6,1,222.0,Zelensky,death_reporting
6,14,7.0,Zelensky,death_reporting
7,1,144.0,Zelensky,death_reporting
7,14,3.0,Zelensky,death_reporting
8,1,133.0,Zelensky,death_reporting
8,14,6.0,Zelensky,death_reporting
9,1,144.0,Zelensky,death_reporting
9,14,4.0,Zelensky,death_reporting
10,1,86.0,Zelensky,death_reporting
10,14,7.0,Zelensky,death_reporting
11,14,0.0,Zelensky,death_reporting
12,1,13.0,Zelensky,death_reporting
12,14,0.0,Zelensky,death_reporting
13,1,83.0,Zelensky,death_reporting
13,14,4.0,Zelensky,death_reporting
14,1,165.0,Zelensky,death_reporting
14,14,0.0,Zelensky,death_reporting
15,1,49.0,Zelensky,death_reporting
15,14,0.0,Zelensky,death_reporting
16,1,61.0,Zelensky,death_reporting
16,14,3.0,Zelensky,death_reporting
17,1,14.0,Zelensky,death_reporting
17,14,5.0,Zelensky,death_reporting
18,1,111.0,Zelensky,death_reporting
18,14,1.0,Zelensky,death_reporting
19,1,70.0,Zelensky,death_reporting
19,14,0.0,Zelensky,death_reporting
20,1,117.0,Zelensky,death_reporting
20,14,1.0,Zelensky,death_reporting
21,1,126.0,Zelensky,death_reporting
21,14,0.0,Zelensky,death_reporting
22,1,139.0,Zelensky,death_reporting
22,14,2.0,Zelensky,death_reporting
23,1,102.0,Zelensky,death_reporting
23,14,0.0,Zelensky,death_reporting
24,1,126.0,Zelensky,death_reporting
24,14,3.0,Zelensky,death_reporting
25,1,99.0,Zelensky,death_reporting
25,14,1.0,Zelensky,death_reporting
26,1,122.0,Zelensky,death_reporting
26,14,17.0,Zelensky,death_reporting
27,1,134.0,Zelensky,death_reporting
27,14,0.0,Zelensky,death_reporting
28,1,136.0,Zelensky,death_reporting
28,14,20.0,Zelensky,death_reporting
29,1,78.0,Zelensky,death_reporting
29,14,2.0,Zelensky,death_reporting
30,1,112.0,Zelensky,death_reporting
30,14,6.0,Zelensky,death_reporting
31,1,37.0,Zelensky,death_reporting
31,14,0.0,Zelensky,death_reporting
32,1,9.0,Zelensky,death_reporting
32,14,0.0,Zelensky,death_reporting
33,1,164.0,Zelensky,death_reporting
33,14,0.0,Zelensky,death_reporting
34,1,51.0,Zelensky,death_reporting
34,14,1.0,Zelensky,death_reporting
35,1,95.0,Zelensky,death_reporting
35,14,2.0,Zelensky,death_reporting
37,1,55.0,Zelensky,death_reporting
37,14,9.0,Zelensky,death_reporting
38,1,86.0,Zelensky,death_reporting
38,14,2.0,Zelensky,death_reporting
39,1,48.0,Zelensky,death_reporting
39,14,0.0,Zelensky,death_reporting
40,1,0.0,Zelensky,death_reporting
41,1,102.0,Zelensky,death_reporting
41,14,0.0,Zelensky,death_reporting
42,1,95.0,Zelensky,death_reporting
42,14,0.0,Zelensky,death_reporting
43,1,142.0,Zelensky,death_reporting
43,14,0.0,Zelensky,death_reporting
44,1,125.0,Zelensky,death_reporting
44,14,0.0,Zelensky,death_reporting
45,1,3.0,Zelensky,death_reporting
45,14,0.0,Zelensky,death_reporting
46,1,126.0,Zelensky,death_reporting
46,14,0.0,Zelensky,death_reporting
47,1,155.0,Zelensky,death_reporting
47,14,2.0,Zelensky,death_reporting
48,1,115.0,Zelensky,death_reporting
48,14,30.0,Zelensky,death_reporting
49,1,103.0,Zelensky,death_reporting
49,14,0.0,Zelensky,death_reporting
50,1,192.0,Zelensky,death_reporting
50,14,0.0,Zelensky,death_reporting
51,1,96.0,Zelensky,death_reporting
51,14,0.0,Zelensky,death_reporting
52,1,212.0,Zelensky,death_reporting
52,14,1.0,Zelensky,death_reporting
53,1,110.0,Zelensky,death_reporting
53,14,0.0,Zelensky,death_reporting
54,1,3.0,Zelensky,death_reporting
54,14,0.0,Zelensky,death_reporting
55,1,88.0,Zelensky,death_reporting
55,14,5.0,Zelensky,death_reporting
56,1,38.0,Zelensky,death_reporting
56,14,0.0,Zelensky,death_reporting
57,1,22.0,Zelensky,death_reporting
57,14,0.0,Zelensky,death_reporting
58,1,46.0,Zelensky,death_reporting
58,14,0.0,Zelensky,death_reporting
59,1,3.0,Zelensky,death_reporting
59,14,0.0,Zelensky,death_reporting
60,1,181.0,Zelensky,death_reporting
60,14,4.0,Zelensky,death_reporting
61,1,35.0,Zelensky,death_reporting
61,14,12.0,Zelensky,death_reporting
62,1,74.0,Zelensky,death_reporting
62,14,0.0,Zelensky,death_reporting
63,1,0.0,Zelensky,death_reporting
63,14,0.0,Zelensky,death_reporting
64,1,107.0,Zelensky,death_reporting
64,14,4.0,Zelensky,death_reporting
65,1,110.0,Zelensky,death_reporting
65,14,0.0,Zelensky,death_reporting
66,1,67.0,Zelensky,death_reporting
66,14,0.0,Zelensky,death_reporting
67,1,95.0,Zelensky,death_reporting
67,14,5.0,Zelensky,death_reporting
68,1,162.0,Zelensky,death_reporting
68,14,2.0,Zelensky,death_reporting
69,1,10.0,Zelensky,death_reporting
69,14,3.0,Zelensky,death_reporting
70,14,0.0,Zelensky,death_reporting
71,1,1.0,Zelensky,death_reporting
71,14,0.0,Zelensky,death_reporting
72,1,46.0,Zelensky,death_reporting
72,14,0.0,Zelensky,death_reporting
73,1,40.0,Zelensky,death_reporting
73,14,8.0,Zelensky,death_reporting
74,1,124.0,Zelensky,death_reporting
74,14,0.0,Zelensky,death_reporting
75,1,70.0,Zelensky,death_reporting
75,14,0.0,Zelensky,death_reporting
76,1,129.0,Zelensky,death_reporting
76,14,0.0,Zelensky,death_reporting
77,1,287.0,Zelensky,death_reporting
77,14,2.0,Zelensky,death_reporting
78,1,0.0,Zelensky,death_reporting
78,14,0.0,Zelensky,death_reporting
79,1,163.0,Zelensky,death_reporting
79,14,2.0,Zelensky,death_reporting
80,1,7.0,Zelensky,death_reporting
80,14,0.0,Zelensky,death_reporting
81,1,0.0,Zelensky,death_reporting
81,14,0.0,Zelensky,death_reporting
82,1,8.0,Zelensky,death_reporting
82,14,0.0,Zelensky,death_reporting
83,1,91.0,Zelensky,death_reporting
83,14,0.0,Zelensky,death_reporting
84,1,14.0,Zelensky,death_reporting
84,14,2.0,Zelensky,death_reporting
85,1,39.0,Zelensky,death_reporting
85,14,0.0,Zelensky,death_reporting
86,1,79.0,Zelensky,death_reporting
86,14,0.0,Zelensky,death_reporting
87,1,92.0,Zelensky,death_reporting
87,14,2.0,Zelensky,death_reporting
89,1,80.0,Zelensky,death_reporting
89,14,5.0,Zelensky,death_reporting
90,1,70.0,Zelensky,death_reporting
90,14,0.0,Zelensky,death_reporting
91,1,161.0,Zelensky,death_reporting
91,14,1.0,Zelensky,death_reporting
92,1,79.0,Zelensky,death_reporting
92,14,4.0,Zelensky,death_reporting
93,1,147.0,Zelensky,death_reporting
93,14,4.0,Zelensky,death_reporting
94,1,78.0,Zelensky,death_reporting
94,14,1.0,Zelensky,death_reporting
95,1,134.0,Zelensky,death_reporting
95,14,4.0,Zelensky,death_reporting
96,1,62.0,Zelensky,death_reporting
96,14,3.0,Zelensky,death_reporting
97,1,64.0,Zelensky,death_reporting
97,14,1.0,Zelensky,death_reporting
98,1,137.0,Zelensky,death_reporting
98,14,2.0,Zelensky,death_reporting
99,1,86.0,Zelensky,death_reporting
99,14,6.0,Zelensky,death_reporting
100,1,10.0,Zelensky,death_reporting
100,14,0.0,Zelensky,death_reporting
101,1,0.0,Zelensky,death_reporting
101,14,0.0,Zelensky,death_reporting
102,1,116.0,Zelensky,death_reporting
102,14,10.0,Zelensky,death_reporting
103,1,74.0,Zelensky,death_reporting
103,14,2.0,Zelensky,death_reporting
104,1,2.0,Zelensky,death_reporting
104,14,0.0,Zelensky,death_reporting
105,1,131.0,Zelensky,death_reporting
105,14,0.0,Zelensky,death_reporting
106,1,9.0,Zelensky,death_reporting
106,14,48.0,Zelensky,death_reporting
108,1,135.0,Zelensky,death_reporting
108,14,4.0,Zelensky,death_reporting
1,1,62.0,Zelensky,human_rights_violations
1,14,2.0,Zelensky,human_rights_violations
2,1,24.0,Zelensky,human_rights_violations
2,14,0.0,Zelensky,human_rights_violations
3,1,116.0,Zelensky,human_rights_violations
3,14,2.0,Zelensky,human_rights_violations
4,1,91.0,Zelensky,human_rights_violations
4,14,1.0,Zelensky,human_rights_violations
5,1,105.0,Zelensky,human_rights_violations
5,14,7.0,Zelensky,human_rights_violations
6,1,194.0,Zelensky,human_rights_violations
6,14,2.0,Zelensky,human_rights_violations
7,1,105.0,Zelensky,human_rights_violations
7,14,1.0,Zelensky,human_rights_violations
8,1,123.0,Zelensky,human_rights_violations
8,14,5.0,Zelensky,human_rights_violations
9,1,124.0,Zelensky,human_rights_violations
9,14,7.0,Zelensky,human_rights_violations
10,1,77.0,Zelensky,human_rights_violations
10,14,7.0,Zelensky,human_rights_violations
11,14,0.0,Zelensky,human_rights_violations
12,1,12.0,Zelensky,human_rights_violations
12,14,1.0,Zelensky,human_rights_violations
13,1,80.0,Zelensky,human_rights_violations
13,14,5.0,Zelensky,human_rights_violations
14,1,177.0,Zelensky,human_rights_violations
14,14,0.0,Zelensky,human_rights_violations
15,1,76.0,Zelensky,human_rights_violations
15,14,0.0,Zelensky,human_rights_violations
16,1,62.0,Zelensky,human_rights_violations
16,14,3.0,Zelensky,human_rights_violations
17,1,14.0,Zelensky,human_rights_violations
17,14,5.0,Zelensky,human_rights_violations
18,1,92.0,Zelensky,human_rights_violations
18,14,1.0,Zelensky,human_rights_violations
19,1,137.0,Zelensky,human_rights_violations
19,14,2.0,Zelensky,human_rights_violations
20,1,115.0,Zelensky,human_rights_violations
20,14,0.0,Zelensky,human_rights_violations
21,1,97.0,Zelensky,human_rights_violations
21,14,0.0,Zelensky,human_rights_violations
22,1,47.0,Zelensky,human_rights_violations
22,14,2.0,Zelensky,human_rights_violations
23,1,133.0,Zelensky,human_rights_violations
23,14,0.0,Zelensky,human_rights_violations
24,1,94.0,Zelensky,human_rights_violations
24,14,3.0,Zelensky,human_rights_violations
25,1,73.0,Zelensky,human_rights_violations
25,14,3.0,Zelensky,human_rights_violations
26,1,104.0,Zelensky,human_rights_violations
26,14,12.0,Zelensky,human_rights_violations
27,1,95.0,Zelensky,human_rights_violations
27,14,0.0,Zelensky,human_rights_violations
28,1,86.0,Zelensky,human_rights_violations
28,14,20.0,Zelensky,human_rights_violations
29,1,97.0,Zelensky,human_rights_violations
29,14,2.0,Zelensky,human_rights_violations
30,1,92.0,Zelensky,human_rights_violations
30,14,0.0,Zelensky,human_rights_violations
31,1,37.0,Zelensky,human_rights_violations
31,14,1.0,Zelensky,human_rights_violations
32,1,4.0,Zelensky,human_rights_violations
32,14,0.0,Zelensky,human_rights_violations
33,1,123.0,Zelensky,human_rights_violations
33,14,0.0,Zelensky,human_rights_violations
34,1,65.0,Zelensky,human_rights_violations
34,14,1.0,Zelensky,human_rights_violations
35,1,99.0,Zelensky,human_rights_violations
35,14,0.0,Zelensky,human_rights_violations
37,1,56.0,Zelensky,human_rights_violations
37,14,9.0,Zelensky,human_rights_violations
38,1,59.0,Zelensky,human_rights_violations
38,14,5.0,Zelensky,human_rights_violations
39,1,50.0,Zelensky,human_rights_violations
39,14,0.0,Zelensky,human_rights_violations
40,1,0.0,Zelensky,human_rights_violations
41,1,70.0,Zelensky,human_rights_violations
41,14,0.0,Zelensky,human_rights_violations
42,1,96.0,Zelensky,human_rights_violations
42,14,0.0,Zelensky,human_rights_violations
43,1,131.0,Zelensky,human_rights_violations
43,14,0.0,Zelensky,human_rights_violations
44,1,101.0,Zelensky,human_rights_violations
44,14,0.0,Zelensky,human_rights_violations
45,1,3.0,Zelensky,human_rights_violations
45,14,0.0,Zelensky,human_rights_violations
46,1,72.0,Zelensky,human_rights_violations
46,14,0.0,Zelensky,human_rights_violations
47,1,136.0,Zelensky,human_rights_violations
47,14,0.0,Zelensky,human_rights_violations
48,1,119.0,Zelensky,human_rights_violations
48,14,25.0,Zelensky,human_rights_violations
49,1,111.0,Zelensky,human_rights_violations
49,14,0.0,Zelensky,human_rights_violations
50,1,175.0,Zelensky,human_rights_violations
50,14,0.0,Zelensky,human_rights_violations
51,1,81.0,Zelensky,human_rights_violations
51,14,0.0,Zelensky,human_rights_violations
52,1,112.0,Zelensky,human_rights_violations
52,14,0.0,Zelensky,human_rights_violations
53,1,92.0,Zelensky,human_rights_violations
53,14,0.0,Zelensky,human_rights_violations
54,1,7.0,Zelensky,human_rights_violations
54,14,0.0,Zelensky,human_rights_violations
55,1,69.0,Zelensky,human_rights_violations
55,14,5.0,Zelensky,human_rights_violations
56,1,42.0,Zelensky,human_rights_violations
56,14,0.0,Zelensky,human_rights_violations
57,1,19.0,Zelensky,human_rights_violations
57,14,0.0,Zelensky,human_rights_violations
58,1,20.0,Zelensky,human_rights_violations
58,14,0.0,Zelensky,human_rights_violations
59,1,6.0,Zelensky,human_rights_violations
59,14,0.0,Zelensky,human_rights_violations
60,1,186.0,Zelensky,human_rights_violations
60,14,0.0,Zelensky,human_rights_violations
61,1,52.0,Zelensky,human_rights_violations
61,14,10.0,Zelensky,human_rights_violations
62,1,79.0,Zelensky,human_rights_violations
62,14,2.0,Zelensky,human_rights_violations
63,1,0.0,Zelensky,human_rights_violations
63,14,0.0,Zelensky,human_rights_violations
64,1,133.0,Zelensky,human_rights_violations
64,14,0.0,Zelensky,human_rights_violations
65,1,101.0,Zelensky,human_rights_violations
65,14,0.0,Zelensky,human_rights_violations
66,1,43.0,Zelensky,human_rights_violations
66,14,0.0,Zelensky,human_rights_violations
67,1,82.0,Zelensky,human_rights_violations
67,14,1.0,Zelensky,human_rights_violations
68,1,105.0,Zelensky,human_rights_violations
68,14,2.0,Zelensky,human_rights_violations
69,1,1.0,Zelensky,human_rights_violations
69,14,3.0,Zelensky,human_rights_violations
70,14,0.0,Zelensky,human_rights_violations
71,1,0.0,Zelensky,human_rights_violations
71,14,0.0,Zelensky,human_rights_violations
72,1,53.0,Zelensky,human_rights_violations
72,14,0.0,Zelensky,human_rights_violations
73,1,27.0,Zelensky,human_rights_violations
73,14,7.0,Zelensky,human_rights_violations
74,1,127.0,Zelensky,human_rights_violations
74,14,0.0,Zelensky,human_rights_violations
75,1,45.0,Zelensky,human_rights_violations
75,14,0.0,Zelensky,human_rights_violations
76,1,84.0,Zelensky,human_rights_violations
76,14,2.0,Zelensky,human_rights_violations
77,1,255.0,Zelensky,human_rights_violations
77,14,0.0,Zelensky,human_rights_violations
78,1,0.0,Zelensky,human_rights_violations
78,14,0.0,Zelensky,human_rights_violations
79,1,115.0,Zelensky,human_rights_violations
79,14,2.0,Zelensky,human_rights_violations
80,1,9.0,Zelensky,human_rights_violations
80,14,0.0,Zelensky,human_rights_violations
81,1,24.0,Zelensky,human_rights_violations
81,14,0.0,Zelensky,human_rights_violations
82,1,8.0,Zelensky,human_rights_violations
82,14,0.0,Zelensky,human_rights_violations
83,1,78.0,Zelensky,human_rights_violations
83,14,0.0,Zelensky,human_rights_violations
84,1,15.0,Zelensky,human_rights_violations
84,14,1.0,Zelensky,human_rights_violations
85,1,26.0,Zelensky,human_rights_violations
85,14,0.0,Zelensky,human_rights_violations
86,1,100.0,Zelensky,human_rights_violations
86,14,0.0,Zelensky,human_rights_violations
87,1,106.0,Zelensky,human_rights_violations
87,14,0.0,Zelensky,human_rights_violations
89,1,68.0,Zelensky,human_rights_violations
89,14,0.0,Zelensky,human_rights_violations
90,1,31.0,Zelensky,human_rights_violations
90,14,0.0,Zelensky,human_rights_violations
91,1,136.0,Zelensky,human_rights_violations
91,14,23.0,Zelensky,human_rights_violations
92,1,62.0,Zelensky,human_rights_violations
92,14,4.0,Zelensky,human_rights_violations
93,1,105.0,Zelensky,human_rights_violations
93,14,7.0,Zelensky,human_rights_violations
94,1,87.0,Zelensky,human_rights_violations
94,14,0.0,Zelensky,human_rights_violations
95,1,155.0,Zelensky,human_rights_violations
95,14,2.0,Zelensky,human_rights_violations
96,1,52.0,Zelensky,human_rights_violations
96,14,3.0,Zelensky,human_rights_violations
97,1,57.0,Zelensky,human_rights_violations
97,14,1.0,Zelensky,human_rights_violations
98,1,76.0,Zelensky,human_rights_violations
98,14,0.0,Zelensky,human_rights_violations
99,1,57.0,Zelensky,human_rights_violations
99,14,2.0,Zelensky,human_rights_violations
100,1,11.0,Zelensky,human_rights_violations
100,14,0.0,Zelensky,human_rights_violations
101,1,0.0,Zelensky,human_rights_violations
101,14,0.0,Zelensky,human_rights_violations
102,1,92.0,Zelensky,human_rights_violations
102,14,1.0,Zelensky,human_rights_violations
103,1,66.0,Zelensky,human_rights_violations
103,14,2.0,Zelensky,human_rights_violations
104,1,0.0,Zelensky,human_rights_violations
104,14,0.0,Zelensky,human_rights_violations
105,1,74.0,Zelensky,human_rights_violations
105,14,0.0,Zelensky,human_rights_violations
106,1,14.0,Zelensky,human_rights_violations
106,14,48.0,Zelensky,human_rights_violations
108,1,143.0,Zelensky,human_rights_violations
108,14,4.0,Zelensky,human_rights_violations
